frame_id,left_detected,right_detected,left_conf,right_conf,lat_offset_m
0,0,1,0.0,0.607715502594572,0.0
1,0,0,0.0,0.5886235230190904,0.0
2,0,0,0.0,0.5581365255397714,0.0
3,0,0,0.0,0.0,0.0
4,0,0,0.0,0.0,0.0
5,0,1,0.0,0.601666343057814,0.0
6,0,0,0.0,0.5165771723489611,0.0
7,0,0,0.0,0.45111075110823184,0.0
8,0,0,0.0,0.42262267355543676,0.0
9,0,1,0.0,0.7147196266824442,0.0
10,0,1,0.0,0.7503160026567139,0.0
11,1,0,0.6223976788418604,0.5808823000979235,1.2879108876082141
12,0,0,0.0,0.0,1.2879108876082141
13,0,0,0.0,0.0,1.2879108876082141
14,0,0,0.0,0.0,1.2879108876082141
15,0,0,0.0,0.0,1.2879108876082141
16,0,0,0.0,0.0,1.2879108876082141
17,0,0,0.0,0.40186666666662585,2.168435775110274
18,0,0,0.0,0.0,2.168435775110274
19,0,0,0.0,0.0,2.168435775110274
20,0,0,0.0,0.0,2.168435775110274
21,0,0,0.0,0.0,2.168435775110274
22,0,0,0.0,0.0,2.168435775110274
23,0,0,0.0,0.0,2.168435775110274
24,0,0,0.40776947099065236,0.0,1.626885828778509
25,0,0,0.40666666666656104,0.0,1.1519812295533447
26,0,0,0.0,0.0,1.1519812295533447
27,0,0,0.4018666666666123,0.0,0.6736622895450085
28,0,0,0.0,0.0,0.6736622895450085
29,0,0,0.0,0.0,0.6736622895450085
30,0,0,0.0,0.0,0.6736622895450085
31,0,0,0.0,0.0,0.6736622895450085
32,0,0,0.40845458963148074,0.0,0.4718427523726565
33,0,0,0.42605205807865487,0.0,-1.983818420649246
34,0,0,0.0,0.0,-1.983818420649246
35,0,0,0.0,0.0,-1.983818420649246
36,0,0,0.4971215263046205,0.0,-1.0880531177653383
37,0,0,0.42935192934467714,0.0,-0.41440024768597533
38,1,0,0.630614997490115,0.0,-0.0469415009673883
39,0,0,0.4233171748954585,0.0,0.24260679569869767
40,0,0,0.4042666666666003,0.0,-0.012056945908511743
41,0,0,0.42452029780498557,0.0,0.23569656995934257
42,0,0,0.3754932275486133,0.0,0.15437017838636044
43,0,0,0.40650967741935484,0.0,0.31638461812041496
44,0,0,0.0,0.0,0.31638461812041496
45,0,0,0.3994666666648688,0.0,0.5034089539227871
46,0,0,0.0,0.0,0.5034089539227871
47,0,0,0.40186666666661586,0.0,0.5035045586083309
48,0,0,0.0,0.0,0.5035045586083309
49,0,0,0.0,0.0,0.5035045586083309
50,0,0,0.40424252998909493,0.0,0.5648847612904515
51,0,0,0.44808005695536685,0.0,0.720290090706346
52,0,0,0.40186666666665977,0.0,0.7139927848999758
53,0,0,0.41710597192632776,0.0,0.6208605866110224
54,0,0,0.4018666666665381,0.0,0.5254635609369773
55,0,0,0.0,0.0,0.5254635609369773
56,0,0,0.40186666666656456,0.0,0.19704277152278707
57,0,0,0.0,0.3966222222218077,-0.1752826640015911
58,0,0,0.0,0.0,-0.1752826640015911
59,0,0,0.40186666666642706,0.4080719259038872,-0.1064877794843727
60,0,0,0.46340847619032416,0.5479818308573328,-0.49769419438646834
61,0,0,0.40186666666658855,0.44016641840641657,-0.5580024680537861
62,0,0,0.0,0.5090730864305915,-0.6387458892850043
63,0,0,0.0,0.4061030166692159,-0.769572458565918
64,0,0,0.0,0.0,-0.769572458565918
65,1,0,0.6073544871026563,0.0,-0.6922861552739332
66,0,0,0.0,0.39946666666486896,-0.6233314863574925
67,0,0,0.0,0.0,-0.6233314863574925
68,0,0,0.0,0.0,-0.6233314863574925
69,0,0,0.0,0.46159269310312195,-0.6028233291189454
70,0,1,0.0,0.6491839693663741,-0.6019309142056449
71,0,0,0.0,0.0,-0.6019309142056449
72,0,0,0.0,0.4425208021676073,-2.6290626772405443
73,0,0,0.0,0.41777168602010506,-1.7203751442463355
74,0,0,0.0,0.0,-1.7203751442463355
75,0,0,0.0,0.0,-1.7203751442463355
76,0,1,0.0,0.7143034233282574,-1.5817428094781167
77,0,1,0.0,0.7144226699583556,-1.4845869894236683
78,0,1,0.0,0.7154968273356503,-1.4166623875164217
79,0,0,0.0,0.0,-1.4166623875164217
80,0,0,0.0,0.0,-1.4166623875164217
81,0,0,0.4079880149812734,0.0,-1.2907594602516996
82,0,0,0.0,0.0,-1.2907594602516996
83,0,0,0.40186666666661014,0.0,-1.3237920182438225
84,0,0,0.0,0.0,-1.3237920182438225
85,0,0,0.40186666666656057,0.0,-1.4943862434853126
86,0,0,0.0,0.0,-1.4943862434853126
87,0,0,0.0,0.0,-1.4943862434853126
88,0,0,0.0,0.0,-1.4943862434853126
89,0,0,0.401866666666639,0.0,-1.462366480423921
90,0,0,0.0,0.0,-1.462366480423921
91,0,0,0.4018666666665761,0.0,-1.5041740725813304
92,0,0,0.439881385930993,0.0,-1.7100958464627503
93,0,0,0.5049853011904315,0.0,-2.012524905385607
94,0,0,0.401866666666573,0.0,-2.0169349765456857
95,0,0,0.4018666666666617,0.0,-2.0002005937534806
96,0,0,0.0,0.0,-2.0002005937534806
97,0,0,0.0,0.0,-2.0002005937534806
98,0,0,0.4260351987841515,0.0,-1.857971947482525
99,0,0,0.0,0.0,-1.857971947482525
100,0,0,0.0,0.0,-1.857971947482525
101,0,0,0.0,0.0,-1.857971947482525
102,0,0,0.0,0.0,-1.857971947482525
103,0,0,0.0,0.0,-1.857971947482525
104,0,0,0.0,0.0,-1.857971947482525
105,0,0,0.0,0.0,-1.857971947482525
106,0,0,0.0,0.0,-1.857971947482525
107,0,0,0.0,0.0,-1.857971947482525
108,0,0,0.0,0.0,-1.857971947482525
109,0,0,0.0,0.0,-1.857971947482525
110,0,0,0.0,0.0,-1.857971947482525
111,0,0,0.0,0.0,-1.857971947482525
112,0,0,0.0,0.0,-1.857971947482525
113,0,0,0.0,0.0,-1.857971947482525
114,0,0,0.0,0.0,-1.857971947482525
115,0,0,0.0,0.0,-1.857971947482525
116,0,0,0.0,0.0,-1.857971947482525
117,0,0,0.0,0.0,-1.857971947482525
118,0,0,0.0,0.0,-1.857971947482525
119,0,0,0.0,0.0,-1.857971947482525
120,0,0,0.0,0.0,-1.857971947482525
121,1,0,0.6956595658102229,0.0,-2.1470568834513255
122,0,0,0.3748162630259678,0.0,-1.8533137309632375
123,0,0,0.0,0.0,-1.8533137309632375
124,0,0,0.40186666666663856,0.0,-1.9157942962450625
125,0,0,0.0,0.5011993362259871,-1.0630535798730494
126,0,0,0.0,0.5627294958284754,-0.4640739361847757
127,0,0,0.404266666666559,0.411466666666645,0.4132982434878637
128,0,0,0.0,0.43120872057670456,0.6314650721598475
129,0,0,0.40426666666654304,0.0,0.5871331755957627
130,0,0,0.40426666666645045,0.0,0.583850832299281
131,0,0,0.4077854791131411,0.38364878048741086,0.9454561337708843
132,0,0,0.40186666666634296,0.44249159955800804,1.2117535228691172
133,0,1,0.40782389598744684,0.6365739492613063,1.486699544530948
134,0,1,0.4018666666664279,0.6353476166496264,1.5092473094174907
135,0,1,0.4018666666666479,0.6103689087988086,1.459199471666795
136,0,1,0.0,0.6230421288362555,1.4942990878060138
137,0,0,0.0,0.5916772687548428,1.5148114047465011
138,0,0,0.0,0.5343270829822049,1.526455343845491
139,0,0,0.0,0.5470892144276647,1.536047809609655
140,0,0,0.4130197117509379,0.5923543622416079,1.211578968861033
141,0,1,0.14488011233382508,0.645006632832743,1.0346863821783063
142,0,1,0.40780156312396604,0.6390220118898012,1.3035853103055697
143,0,1,0.43362870544723797,0.6108633452055465,1.54507567131405
144,0,0,0.4683376016269522,0.5843019719377184,1.6713498181761868
145,0,0,0.0,0.5771996883244535,1.6837119165678223
146,0,0,0.0,0.5868258587770186,1.6946493241923966
147,0,1,0.41146666666665105,0.6001382680883338,0.9584387460215101
148,0,0,0.0,0.5969837826071259,0.9609552594641578
149,1,1,0.7742412108195311,0.6339788130518136,1.3148871147192542
150,0,0,0.0,0.42860528898185035,1.3233556543356133
151,0,0,0.0,0.0,1.3233556543356133
152,0,0,0.5495688779823242,0.0,1.5527810983013481
153,0,0,0.0,0.0,1.5527810983013481
154,0,0,0.42284969582664034,0.0,1.8071783588787085
155,0,0,0.4193477533379579,0.0,1.697668152856417
156,0,0,0.413108589869694,0.0,2.4522922098067834
157,0,0,0.4189288532754891,0.0,2.5393414966390275
158,0,0,0.4018666666662473,0.0,2.243299019532053
159,0,0,0.0,0.0,2.243299019532053
160,0,0,0.4205830065300152,0.0,2.1164843247506546
161,0,0,0.0,0.0,2.1164843247506546
162,0,0,0.0,0.0,2.1164843247506546
163,0,0,0.0,0.0,2.1164843247506546
164,0,0,0.0,0.0,2.1164843247506546
165,0,0,0.0,0.0,2.1164843247506546
166,0,0,0.4575821238806681,0.0,2.0376416134688826
167,0,0,0.4714168983870318,0.0,1.8005126903224398
168,0,0,0.41580430902082466,0.4018666666663433,-1.2049948896761746
169,0,0,0.4092607792408387,0.0,-0.41776617029476804
170,0,0,0.41265523000531634,0.0,0.050221709421646735
171,0,0,0.4018666666666416,0.0,0.23781860915216496
172,0,0,0.0,0.0,0.23781860915216496
173,0,0,0.0,0.0,0.23781860915216496
174,0,0,0.0,0.0,0.23781860915216496
175,0,0,0.0,0.0,0.23781860915216496
176,0,0,0.40186666666647575,0.0,0.43256501258395064
177,0,0,0.0,0.0,0.43256501258395064
178,0,0,0.48678632849301406,0.0,0.5950517800084548
179,1,0,0.7444147513476636,0.0,0.7112488417539831
180,1,0,0.7738198111117316,0.0,0.7996995994495891
181,0,0,0.43403985542452445,0.0,0.8086398326738935
182,0,0,0.0,0.0,0.8086398326738935
183,0,0,0.43075950201156743,0.0,0.8377471010377455
184,0,0,0.40186666666664805,0.0,0.7510292434359734
185,0,0,0.4018666666664768,0.0,0.7053910409183692
186,0,0,0.0,0.0,0.7053910409183692
187,0,0,0.0,0.0,0.7053910409183692
188,0,0,0.0,0.0,0.7053910409183692
189,0,0,0.5286343500949007,0.0,0.8585400106229633
190,0,0,0.40186666666657755,0.0,0.8432842741617002
191,0,0,0.40426666666661576,0.0,0.9705624062705596
192,0,0,0.0,0.0,0.9705624062705596
193,0,0,0.42244896846139035,0.0,1.4964599391476
194,0,0,0.4907205363205984,0.0,1.4664019429621644
195,0,0,0.0,0.0,1.4664019429621644
196,0,0,0.4480904242664003,0.0,0.7674099299341606
197,0,0,0.4175462188459472,0.0,2.5958272355977012
198,0,0,0.4890283726753464,0.0,2.2747250044618665
199,0,0,0.40186666666662446,0.0,1.9194494848107098
200,0,0,0.4136978814376699,0.0,1.8575466669323095
201,0,0,0.44755501245975104,0.0,1.8530451296776944
202,0,0,0.5572807656977419,0.0,1.741678306389513
203,0,0,0.4264782132213324,0.0,1.854522080502692
204,0,0,0.4307387542884934,0.0,2.0998861089598053
205,0,0,0.48976193048188627,0.0,2.143614666884398
206,0,0,0.4471936968441766,0.0,2.1950920858609813
207,0,0,0.0,0.0,2.1950920858609813
208,0,0,0.0,0.0,2.1950920858609813
209,0,0,0.42312105702648156,0.0,2.285206298166078
210,0,1,0.0,0.7138884111966569,1.3601405687462236
211,0,1,0.0,0.6090140428308524,0.8756932655770224
212,0,1,0.0,0.6153718417229457,0.55017719283061
213,0,1,0.0,0.6207616593895684,0.34433993662127965
214,0,0,0.0,0.0,0.34433993662127965
215,0,0,0.0,0.0,0.34433993662127965
216,0,0,0.0,0.0,0.34433993662127965
217,0,0,0.0,0.5269499926677299,1.1451759367796277
218,0,0,0.0,0.5972336963795738,1.7040261520529052
219,0,0,0.0,0.5527991612351579,2.0997182116852326
220,0,0,0.0,0.53892361212229,2.388789013569922
221,1,0,0.7107864929937717,0.5350625417620615,1.5388607009589486
222,1,0,0.7109833060885947,0.5346452348369806,0.9616219326961337
223,1,0,0.723824301463367,0.5465824210005378,0.5814621364171154
224,1,1,0.727614633448665,0.621358164478262,-0.5475810599426942
225,1,1,0.6193113586381812,0.633604717891891,-1.3685303799773794
226,0,1,0.5948729522663307,0.6228208667004776,-1.950217970756686
227,0,1,0.5633299010917574,0.616562399042181,-2.3485196593605475
228,0,0,0.5614363963569227,0.5391687551225413,-1.6871233753744153
229,0,0,0.5430921447277324,0.5056757351172392,-1.2166794977255466
230,0,0,0.5231259790213968,0.4980347695580022,-0.9049683702310485
231,0,0,0.5628228825418184,0.5124063960692622,-0.6891170610620622
232,0,0,0.5459219022262481,0.5115699070582118,-0.5427905929588879
233,0,0,0.5310674211343065,0.5034126217598388,-0.4374217723435132
234,0,0,0.5397447517222024,0.5031437176889539,-0.35869176206486236
235,0,0,0.5417477211168197,0.5076794699224418,-0.29909178033524375
236,0,0,0.5343681702295261,0.5035980852262277,-0.2542079221401698
237,0,1,0.5522429213271582,0.609935413879437,-1.1328444744387547
238,0,1,0.5468138542029055,0.6094060366902305,-1.7984565375525245
239,0,1,0.48847717236124216,0.6033323047511929,-2.3135460942255754
240,0,0,0.5351194519324537,0.5969151694076342,-2.589491395189349
241,0,0,0.5365212761579843,0.5892443624725747,-1.8526927457705875
242,0,0,0.535302344816881,0.4774350823883956,-1.2745996393582917
243,0,0,0.5121074890210631,0.4832469854822272,-0.8155455847662283
244,0,0,0.5456352111142025,0.4902377351384106,-0.4880587106727702
245,0,0,0.5763692981302756,0.4816386174149401,-0.2849955017131082
246,0,0,0.5694459356958479,0.4885057885710513,-0.10418565579294384
247,0,0,0.5698173208176043,0.48143354627233154,0.005086584624154966
248,0,0,0.5747669030972818,0.4789800531945318,0.07860454471504
249,0,0,0.5742397473621167,0.5963190877828783,-0.032832671048645026
250,0,0,0.5713574384338866,0.591180131843595,-0.11195561768510769
251,0,0,0.5570186358940581,0.5344243218908722,-0.15296261518112786
252,0,1,0.5501034002247285,0.6505480445438386,-1.238172554945332
253,0,0,0.5719287616179738,0.583525585106727,-0.9480022521084672
254,0,0,0.5774164223672299,0.5774164223672299,-0.6231463414703414
255,0,0,0.562108548473799,0.562108548473799,-0.4246700235321733
256,0,0,0.5594039198345533,0.5594039198345533,-0.2913692355629096
257,0,0,0.5509586892290301,0.5510656055805342,-0.20034360852544036
258,0,0,0.5489406153474812,0.5250728608182842,-0.16970544340756527
259,0,0,0.5585211209545643,0.5585211209545643,-0.11825395197726059
260,1,0,0.7388033726440457,0.5085164522819035,0.019896364714982285
261,1,0,0.7390165289580857,0.4902511123197895,0.09708057789172579
262,1,0,0.7439239227894769,0.5272155992618371,0.16808980404142287
263,1,0,0.7466264995186238,0.5573341111902878,0.23674949629466832
264,1,0,0.7429780014952652,0.5915830891059773,0.2321566576212748
265,1,1,0.7433465813814043,0.6020434783813747,0.21430086578369562
266,1,1,0.7395376546261092,0.6011921069819945,0.16510397536978275
267,1,0,0.6780991606126372,0.5582082606663251,0.2305265057229482
268,1,0,0.6613283831894747,0.5463616003459031,0.27586399330618316
269,1,0,0.6808784118729361,0.5426605442835881,0.30862976627386346
270,1,0,0.7351354150532101,0.5394704926437368,0.32724496564747246
271,1,0,0.7357671532784366,0.5394262909868117,0.33077485698140163
272,1,0,0.7081715596789232,0.5408880061020526,0.31894624878758987
273,1,0,0.6103846868871797,0.538849268130686,0.30661547115921745
274,1,0,0.6245164291539503,0.5422987300489968,0.2786753244140303
275,1,0,0.6672373266164129,0.5379595797637207,0.2531691771925602
276,1,0,0.6188512463582657,0.5453315204922591,0.22983387886434614
277,1,0,0.6283186674546805,0.5438070011146169,0.20547236164097124
278,1,0,0.6660332594272235,0.5355425091377947,0.16450556490131846
279,1,0,0.6276393452091001,0.533685503953795,0.12680984976401566
280,0,0,0.5690422781466753,0.5252906702169837,0.07993383930674677
281,1,0,0.6367504022470429,0.5217153340770301,0.06891860717845716
282,1,0,0.6255549159847784,0.539058554457338,0.07636515336982685
283,1,0,0.6299436762773076,0.5463713377314351,0.09619295681508856
284,1,0,0.6160562376331294,0.5476723627342657,0.11547338455997813
285,1,0,0.6262561748239346,0.5478755849285442,0.1412568708810278
286,1,0,0.6227575756128787,0.5488660232643281,0.1798809130804586
287,0,1,0.5827048669512738,0.6249846933611045,-0.06555479314070418
288,0,0,0.5894197548083389,0.5706890604287059,0.005937772892371251
289,1,0,0.6188214306212597,0.4480024114098595,-0.07537694315821412
290,1,0,0.6542628880749233,0.4700542154588998,-0.12000968243623857
291,1,0,0.6557984801899297,0.47527257917573684,-0.15901719114357224
292,1,0,0.6687191412509454,0.48635234727769777,-0.20035703654081402
293,0,0,0.5179792707921683,0.5007748007758906,0.5727269497814026
294,1,0,0.6715904224297969,0.5059521989405668,1.2638776955702777
295,0,0,0.5573336423836502,0.5206931174226901,1.5710128834772588
296,0,0,0.4343789079336786,0.5259480738080788,1.922058541244745
297,1,0,0.6722057782782553,0.5364285227229354,1.2539333604698666
298,1,0,0.6840741243253374,0.548721606940646,0.7743569414820385
299,1,0,0.6831959603250185,0.5506478470450252,0.43424951491921043
300,1,0,0.6966589828657033,0.556121538692962,0.1876876064556735
301,1,0,0.688347200129513,0.5588707440165598,0.0014211609021866545
302,0,1,0.0,0.6204032579248997,0.0018530966685928955
303,0,0,0.0,0.5181765375551644,0.007348088339867121
304,0,0,0.0,0.0,0.007348088339867121
305,0,0,0.40186666666664805,0.0,0.5589114300825344
306,0,0,0.0,0.0,0.5589114300825344
307,0,0,0.0,0.0,0.5589114300825344
308,0,0,0.0,0.0,0.5589114300825344
309,0,0,0.0,0.0,0.5589114300825344
310,0,0,0.4018666666666484,0.0,0.961655769294183
311,0,0,0.4065096774193549,0.0,1.3822181070553141
312,0,0,0.5146149102967568,0.0,-2.7566517117802585
313,0,0,0.0,0.0,-2.7566517117802585
314,0,0,0.0,0.0,-2.7566517117802585
315,0,0,0.0,0.0,-2.7566517117802585
316,0,0,0.0,0.0,-2.7566517117802585
317,0,0,0.0,0.0,-2.7566517117802585
318,0,0,0.0,0.0,-2.7566517117802585
319,0,0,0.0,0.0,-2.7566517117802585
320,0,0,0.40186666666656734,0.0,-1.282331285584549
321,0,0,0.0,0.0,-1.282331285584549
322,0,0,0.0,0.0,-1.282331285584549
323,0,0,0.0,0.0,-1.282331285584549
324,0,0,0.0,0.0,-1.282331285584549
325,0,0,0.0,0.0,-1.282331285584549
326,0,0,0.4150638260632095,0.0,0.7535567931723505
327,0,0,0.4205860848233339,0.0,1.351498858694958
328,0,0,0.0,0.0,1.351498858694958
329,0,0,0.0,0.0,1.351498858694958
330,0,0,0.0,0.0,1.351498858694958
331,0,0,0.4018666666665215,0.0,1.6813812533346684
332,0,0,0.0,0.0,1.6813812533346684
333,0,0,0.0,0.0,1.6813812533346684
334,0,0,0.0,0.0,1.6813812533346684
335,0,0,0.40811025321710276,0.0,1.8549920448534338
336,0,0,0.42241647838278196,0.0,2.073149321978131
337,0,0,0.401866666666595,0.0,1.9494722996792382
338,0,0,0.40851033411033416,0.39946666666486924,0.9573986668211618
339,1,0,0.6561443232076769,0.0,1.0613423761473948
340,0,0,0.0,0.0,1.0613423761473948
341,0,0,0.40186666666659826,0.0,0.9188049662374519
342,0,0,0.4042666666665833,0.0,1.0402359130404093
343,0,0,0.0,0.0,1.0402359130404093
344,1,0,0.685119976921807,0.4341287171374183,0.3513175964186644
345,1,0,0.8379660931438947,0.49253581489964393,-0.12685906341393657
346,0,1,0.4102955071453381,0.6039448431986705,-0.4588282700974947
347,0,1,0.4101164478621662,0.647306866976362,-0.012752450246008656
348,0,0,0.3979419718233022,0.0,0.4090155309453753
349,0,0,0.4357072353115987,0.0,0.11835358196867057
350,0,0,0.0,0.0,0.11835358196867057
351,0,0,0.0,0.4018666666665885,0.8273001996765019
352,0,0,0.4090132421200924,0.0,-1.9216031089850754
353,0,0,0.4018666666666647,0.0,-1.4116562427363848
354,0,0,0.0,0.0,-1.4116562427363848
355,0,0,0.0,0.0,-1.4116562427363848
356,0,0,0.4018666666663426,0.0,-0.8493434362801496
357,0,0,0.4018666666665156,0.0,-0.703888771450272
358,0,1,0.0,0.6648940893382059,-1.0751535956391174
359,0,1,0.4042666666666516,0.6463680141923928,-1.077711819201997
360,0,1,0.0,0.6219378828494413,-1.2414894806269552
361,0,0,0.0,0.0,-1.2414894806269552
362,0,0,0.0,0.4018666666664349,-0.26765543272503456
363,0,0,0.43842525152682355,0.0,0.07415584689963504
364,0,0,0.0,0.0,0.07415584689963504
365,0,0,0.0,0.3481805451778053,-1.1379919235903115
366,0,0,0.0,0.0,-1.1379919235903115
367,0,0,0.40771179637787563,0.0,-0.8722564798944339
368,0,0,0.0,0.0,-0.8722564798944339
369,0,0,0.0,0.0,-0.8722564798944339
370,0,1,0.0,0.6064338514879056,-0.7464561565208886
371,0,0,0.0,0.5959886190826503,-0.6802440219802677
372,0,0,0.0,0.5938943882092276,-0.6211453896605599
373,0,0,0.4426076903932083,0.5954266252124174,-0.24773023503731775
374,0,0,0.0,0.0,-0.24773023503731775
375,0,0,0.0,0.0,-0.24773023503731775
376,0,0,0.0,0.0,-0.24773023503731775
377,0,0,0.0,0.0,-0.24773023503731775
378,0,0,0.0,0.0,-0.24773023503731775
379,0,0,0.0,0.0,-0.24773023503731775
380,0,0,0.0,0.0,-0.24773023503731775
381,0,0,0.0,0.0,-0.24773023503731775
382,0,0,0.0,0.0,-0.24773023503731775
383,0,1,0.0,0.705968111629212,1.383341282828317
384,0,1,0.0,0.6723791331508784,1.132111516666386
385,0,1,0.0,0.7113932118934302,0.9730128388542374
386,0,1,0.4066666666666008,0.7477730516499903,0.0722823334172768
387,0,1,0.0,0.6387109077470533,0.09234479853442774
388,0,0,0.0,0.0,0.09234479853442774
389,0,0,0.0,0.0,0.09234479853442774
390,0,0,0.0,0.0,0.09234479853442774
391,0,0,0.0,0.0,0.09234479853442774
392,0,1,0.0,0.667564014945123,0.5869382975066842
393,0,1,0.0,0.647387720711007,0.5191941247503813
394,0,0,0.4066666666665835,0.0,0.017591826753937053
395,0,0,0.0,0.0,0.017591826753937053
396,0,1,0.0,0.680903277136488,0.38428687114005894
397,0,1,0.0,0.66270943684519,0.40598390465722356
398,0,1,0.0,0.6403231457728794,0.4012073368129005
399,0,1,0.0,0.6489076801563711,0.4176403367053732
400,0,1,0.0,0.6421199063432925,0.4225393659233968
401,0,1,0.0,0.6212928461490691,0.4348930728727861
402,0,1,0.0,0.7481349055508255,0.3766073252787272
403,0,0,0.0,0.5289403779862824,0.3868610492439013
404,0,0,0.0,0.0,0.3868610492439013
405,0,0,0.0,0.0,0.3868610492439013
406,0,0,0.0,0.4042666666665237,0.7186529219071726
407,0,0,0.0,0.4256619589462307,0.9246523080416718
408,0,0,0.0,0.0,0.9246523080416718
409,0,0,0.0,0.43175857838928855,0.1461347661627496
410,0,0,0.0,0.46375961091813833,0.2906035083288039
411,0,1,0.0,0.6094133858820223,0.5504873861230459
412,0,0,0.0,0.5919500852177191,0.7528498330118127
413,0,1,0.0,0.6264210016552986,0.9027286704497924
414,0,0,0.0,0.5876852524527715,1.0186315221347522
415,0,0,0.0,0.5875413632644214,1.0970798591642168
416,0,1,0.0,0.6149975549095794,1.1348069193381098
417,0,0,0.0,0.0,1.1348069193381098
418,0,0,0.0,0.0,1.1348069193381098
419,0,0,0.0,0.5334136421020155,0.12141018401905448
420,0,0,0.0,0.0,0.12141018401905448
421,0,0,0.0,0.4114666666666551,0.6137087372916001
422,0,0,0.0,0.0,0.6137087372916001
423,0,0,0.0,0.0,0.6137087372916001
424,0,1,0.0,0.6377341415367623,0.9648843381717763
425,0,0,0.0,0.5995616881104869,1.0491531845479038
426,0,0,0.40426666666644717,0.5906369258672617,0.6628548860042187
427,0,0,0.0,0.5844721070590256,0.6802790940682655
428,0,1,0.0,0.6847100175799052,0.6540811544698374
429,0,0,0.0,0.46841679675265396,0.6699454875976686
430,0,0,0.0,0.4018666666663364,0.5843219670194738
431,0,0,0.0,0.4109467294610165,1.5699619390733786
432,0,0,0.0,0.0,1.5699619390733786
433,0,0,0.0,0.0,1.5699619390733786
434,0,0,0.0,0.0,1.5699619390733786
435,0,0,0.0,0.0,1.5699619390733786
436,0,0,0.0,0.0,1.5699619390733786
437,0,0,0.0,0.0,1.5699619390733786
438,0,1,0.0,0.6155741165040163,1.1800121913805723
439,0,0,0.0,0.5813900239904908,0.8806340021269286
440,0,0,0.0,0.583159802476932,0.6635975633993917
441,0,0,0.0,0.5763247431603071,0.5020004031064917
442,0,0,0.0,0.5666651077787848,0.3819623011704114
443,0,0,0.0,0.5799697186199485,0.36943070316172066
444,0,0,0.0,0.0,0.36943070316172066
445,0,0,0.4210957007505918,0.0,-1.7506063153397773
446,0,0,0.0,0.40186666666665377,-1.9847254024712309
447,0,0,0.0,0.49280426273080624,-14.2486964786166
448,0,0,0.0,0.4018666666666141,-10.807124233421405
449,0,0,0.0,0.39946666666486896,-8.225180800384662
450,0,0,0.0,0.47535000980052156,-6.701296123143406
451,0,0,0.0,0.4197547881563624,-7.292074503416547
452,0,1,0.0,0.62001099963117,-5.661899011706071
453,0,0,0.4114666666666225,0.59164608823571,-4.3769072776976845
454,0,0,0.0,0.581261733656084,-3.652004589478693
455,0,0,0.0,0.5780270458351294,-3.147968776509673
456,0,0,0.0,0.5681548284540737,-2.799261171373554
457,0,0,0.0,0.4087966307108618,-52.08175230201593
458,0,0,0.0,0.404266666666622,-37.06223515402047
459,0,0,0.0,0.0,-37.06223515402047
460,0,0,0.0,0.0,-37.06223515402047
461,0,0,0.0,0.0,-37.06223515402047
462,0,0,0.0,0.0,-37.06223515402047
463,0,0,0.0,0.0,-37.06223515402047
464,0,0,0.0,0.0,-37.06223515402047
465,0,0,0.0,0.40186666666651083,-26.231430293732128
466,0,1,0.0,0.6127963817733232,-18.913532305523916
467,0,0,0.0,0.5847269477944159,-13.880501898953725
468,0,0,0.0,0.5806796920765845,-10.360458233557411
469,0,0,0.4090666666666151,0.5659215853045438,-7.607566374764477
470,0,0,0.43066666666666203,0.5525551908449944,-5.761026713985718
471,0,0,0.0,0.4018666666666645,-4.528624028817405
472,0,0,0.4276628218538573,0.4018666666662806,-3.6616082515272983
473,0,0,0.0,0.0,-3.6616082515272983
474,0,0,0.0,0.0,-3.6616082515272983
475,0,0,0.0,0.38491235783527533,-4.130229263005481
476,0,0,0.40186666666658655,0.4018666666665102,-3.1266390540791145
477,0,0,0.587450791190884,0.0,-3.108642443487965
478,0,0,0.0,0.0,-3.108642443487965
479,0,0,0.5710118442089881,0.40186666666637333,-2.0412639997075797
480,0,1,0.0,0.6882365330703979,-1.0672931393474816
481,0,0,0.0,0.5901612088354753,-1.4477809847679315
482,0,0,0.5908967846977062,0.5925662335223361,-1.6156624301066471
483,0,0,0.4190417440519196,0.5884518802793113,-1.1880411588071207
484,0,0,0.39946666666486874,0.5868397321002593,-0.5082044065011068
485,0,0,0.0,0.0,-0.5082044065011068
486,0,0,0.4537150639512067,0.42821230001014327,-0.002759275106609656
487,0,0,0.0,0.0,-0.002759275106609656
488,0,0,0.4112750850510304,0.4066666666666221,0.7055510402916517
489,0,0,0.4258151116274349,0.0,0.5920264749084406
490,0,0,0.4497896052743931,0.40666666666666074,0.582627158851367
491,1,0,0.6015639324482318,0.0,1.0658836339830922
492,1,0,0.6178139644007653,0.0,1.3968581118616952
493,0,0,0.45437740518605707,0.0,1.6099582422707084
494,0,0,0.46168024847363215,0.0,1.7407967035022447
495,0,0,0.46611242470672326,0.0,1.8264728562423491
496,0,0,0.49886279084521523,0.41928858277631115,1.949242367206983
497,1,1,0.7479613769361511,0.7135796077387724,1.0257626608378723
498,1,1,0.7721668523005825,0.7398924788235512,0.4270450239560538
499,0,0,0.583311544449949,0.4210173813470746,1.3151002189130028
500,0,0,0.46283873182747914,0.0,1.3468073275877845
501,0,0,0.5284668335904985,0.0,1.3865416179679702
502,1,0,0.785495376245045,0.4331071791632096,1.7566123551357429
503,0,0,0.4256561089320278,0.0,0.9580366511126425
504,0,0,0.41866666666666247,0.4018666666666085,0.6127470834314509
505,0,0,0.5337127101138465,0.0,1.090538531366734
506,0,0,0.3994666666648688,0.0,1.462752778374527
507,1,0,0.6852139985558265,0.40878222194639513,1.7253866783149743
508,0,0,0.4840146564675516,0.2957131587766264,2.215154002993352
509,0,0,0.4042666666663694,0.0,2.211334484097287
510,0,0,0.4956622689020617,0.42453362200413275,2.4995824992710745
511,0,0,0.0,0.4114666666666597,2.637132880650415
512,0,0,0.0,0.4090666666665482,2.68584671846728
513,0,0,0.0,0.43110654719227753,2.429445671230104
514,0,0,0.0,0.41146666666665993,2.6181656725066706
515,0,0,0.43681331462537487,0.346411840363295,1.8165183111687735
516,0,0,0.45497456212311266,0.3026877336521255,5.066843385087527
517,0,0,0.2898351645926386,0.2836554905558172,3.3826297432379304
518,0,0,0.3543731511645935,0.3543731511645935,2.4345413929920148
519,0,0,0.4234666666666456,0.40666666666656437,1.7826718327798292
520,0,0,0.4341456883349093,0.4018666666662706,0.41750515854574693
521,0,0,0.4448592027523307,0.41335502397423046,0.19755954604582227
522,0,0,0.37075449417664796,0.37075449417664796,0.09013516381116243
523,0,0,0.35859979902198147,0.3749900619904526,-0.16861812815041555
524,0,0,0.5349053213707151,0.444080334831708,-0.44955522018496535
525,0,0,0.46044399274425074,0.40426666666662653,-0.5427384041352253
526,0,0,0.18556742551807118,0.43872805320171215,-0.5031706551286799
527,0,0,0.41827172780435945,0.41745769488616136,-0.8415853081378751
528,0,0,0.48147119573810476,0.4109467294610248,-0.7516706534952013
529,0,0,0.3936572537979882,0.41146666666664183,-0.5241630618091392
530,0,0,0.391495219214687,0.47678248356883823,-0.3742059148930886
531,0,0,0.24128986873138347,0.41075364284663984,-0.36503012648797933
532,0,0,0.27460003194766514,0.14115554019864462,-0.23429289858349234
533,0,0,0.404540299420875,0.4312340159541946,-1.3096289137739625
534,0,0,0.41829543488264126,0.4037018703647721,-0.9292266337544012
535,0,0,0.40747482952836145,0.40747482952836145,-0.6298410344907259
536,0,0,0.4042666666666357,0.4131737917559749,-1.2897489371039017
537,0,0,0.4042666666666658,0.0,-1.1027480714335107
538,0,0,0.41626666666664286,0.40426666666644223,-0.794123649879128
539,0,0,0.45156611385732687,0.45424459737976547,-0.564410468134644
540,0,0,0.42964602610363867,0.41726660953171113,-0.4369793395218043
541,0,0,0.0,0.4407102159716719,-0.2378565743448219
542,0,0,0.0,0.5387920760542136,-1.2097578659950665
543,0,0,0.4339230725644082,0.4077033389518602,1.638307269365723
544,0,0,0.42039540582805257,0.31252436021753605,1.189331565989205
545,0,0,0.0,0.0,1.189331565989205
546,0,0,0.0,0.0,1.189331565989205
547,0,0,0.0,0.0,1.189331565989205
548,0,0,0.0,0.4018666666662475,0.49383508209364707
549,0,0,0.0,0.0,0.49383508209364707
550,0,0,0.0,0.0,0.49383508209364707
551,0,0,0.0,0.0,0.49383508209364707
552,0,0,0.0,0.0,0.49383508209364707
553,0,0,0.0,0.0,0.49383508209364707
554,0,0,0.0,0.0,0.49383508209364707
555,0,0,0.0,0.42146604303086993,-0.3160813387317209
556,0,0,0.0,0.5670766049242522,-0.04421830958394984
557,0,0,0.4184029447972615,0.4335618524774724,0.09978696318501015
558,0,0,0.5282758881219258,0.4256225327413409,0.15950697265418914
559,0,0,0.4424675010923919,0.43701226680248,0.634389171983328
560,0,0,0.47787893406177573,0.44910059828866367,1.3502188530948938
561,1,0,0.7057302244048034,0.44738191145163514,1.5784971655516074
562,0,0,0.4974327395814729,0.44568019474991033,1.98767468625004
563,1,0,0.7458354991709795,0.4799152316460604,2.2033268385747946
564,0,0,0.426807061410411,0.369744592979964,1.5507183363199266
565,0,0,0.4845287932570308,0.41242196717497404,1.204287378107245
566,0,0,0.3652179425772565,0.12606649317010457,0.9300539604520851
567,0,0,0.3781799327060335,0.2970582428306192,0.6985928306658507
568,0,0,0.34141218163444365,0.34029484206596666,0.7917916498807688
569,0,0,0.30867537054120764,0.39946666666486896,-0.2270526003992113
570,0,0,0.41477937883352184,0.4145523140450949,-2.3719197758504285
571,0,0,0.469014747916714,0.4134297973025908,-2.2029483067852778
572,0,0,0.379162093357124,0.17373462510777699,-1.552265428720102
573,0,0,0.4225681862023841,0.3945434093001535,-0.14337919039877642
574,0,0,0.34050063501466354,0.5440152832870823,-1.1099775029421848
575,0,0,0.4514371778265074,0.4665652806126658,-0.7785521666172643
576,0,0,0.48647419599976366,0.4088298952296508,0.4521821941979866
577,0,0,0.44245125342452485,0.44245125342452485,0.370354478568147
578,0,0,0.4112333612075147,0.42101738134707406,1.1299610694528692
579,0,0,0.5138125478562923,0.4018666666666028,1.1146486516452097
580,1,0,0.7544457040046775,0.4070051032368665,1.5104260708690094
581,0,0,0.4091742554993656,0.4297461932643824,0.9936318877312108
582,0,0,0.4346137106471164,0.4130473268608103,1.6604355596221811
583,0,0,0.42346380535003636,0.436192300948918,1.2442564767537887
584,1,0,0.6377756229110925,0.47391337534498784,1.849978280580157
585,0,0,0.44016537151498614,0.40666666666664497,1.367318337859948
586,0,0,0.4224452228832795,0.43543559485575367,1.1319747939913225
587,1,0,0.6350309647328096,0.40957620938490535,11.2372772143554
588,0,0,0.4335796202569067,0.2669045100552961,8.236036520083436
589,0,0,0.43267507935889754,0.40186666666652965,8.675634944487504
590,0,0,0.3189217476587047,0.40426666666661437,6.760954833280846
591,0,0,0.5318141858343477,0.2327607099350157,5.98856401962999
592,0,0,0.47774280392129315,0.4090030883742466,4.81382340632052
593,0,0,0.44247512310941284,0.4207182696043573,3.949157217429809
594,0,0,0.4186666666666618,0.42800294710170933,2.702352776730985
595,0,0,0.4553867902863459,0.409052383077915,2.8879133083964548
596,0,0,0.4258666666666656,0.38830431902837986,2.0870315112411997
597,0,0,0.5357483079620527,0.4180590474928479,1.0863108817204703
598,0,0,0.4791877097467633,0.4396415567535568,-0.12424846347656655
599,0,0,0.5136783155020248,0.4926078382218784,0.5250692590296048
600,0,0,0.525845802555483,0.40666666666661466,1.0228883873241086
601,0,0,0.41595122558000064,0.4066666666666515,1.1308009272863535
602,0,0,0.49481951873974267,0.0,1.3427400882574123
603,0,0,0.43313809924243873,0.0,1.4160132184392842
604,0,0,0.433011533380872,0.40186666666661147,1.162434704516674
605,0,0,0.2903909423580897,0.0,1.1393764865016378
606,0,0,0.4542559683257104,0.44154815992329793,1.196420068487487
607,0,0,0.45867076797903455,0.4278137605578527,0.9488310487034539
608,0,0,0.5410928088524655,0.4066666666666244,1.0809301177700428
609,0,0,0.4985563891055298,0.40186666666627985,1.1600926847286737
610,0,0,0.42826666666665986,0.0,0.7041805535597084
611,0,0,0.41235295910455916,0.4271753790133062,-4.145430406657159
612,0,0,0.40426666666648875,0.0,-2.9854294980689677
613,0,0,0.4150041861802072,0.401866666666625,1.5428819987249467
614,0,0,0.4548408204768187,0.40666666666662066,1.5491340117397405
615,1,0,0.756305757443542,0.5128708983240705,0.9890263502402135
616,1,0,0.7699845192410553,0.0,0.8890103225437913
617,0,0,0.40369753160746524,0.40186666666658055,1.2793153856401414
618,0,0,0.0,0.0,1.2793153856401414
619,0,0,0.41687617951077344,0.0,2.500970760974949
620,0,0,0.4522203572182366,0.43530832335288,5.699902490146065
621,0,0,0.48681174213018547,0.438221832592595,4.005921474172368
622,0,0,0.4489523765971217,0.4489523765971217,2.764989224402263
623,0,0,0.5641692041078952,0.5500598666687123,1.8781566260976985
624,1,1,0.621988053536034,0.6099997558860835,1.3594567579230348
625,1,1,0.6157255152018579,0.6081853936587518,1.0489051541720942
626,1,0,0.6057365894997054,0.5962756746373385,0.8617471968918352
627,1,1,0.6089425761053754,0.6060958556768162,0.7310560447914187
628,1,1,0.6116951218012195,0.6022789335510137,0.6792912459621304
629,1,1,0.6207961802625583,0.6036156328608255,0.6209583726635273
630,1,0,0.6200529467200164,0.5997029468703359,0.6208079630217594
631,1,0,0.6142531820654945,0.5139749652611052,1.078475084366136
632,1,0,0.6057698773061831,0.5466080527321916,0.8908674399925045
633,1,1,0.6491726179160712,0.6279155019587637,0.746971678692499
634,1,1,0.665328086669636,0.6358486714152306,0.6428566686914159
635,1,1,0.6715559539680954,0.6840995222068751,0.33340858448760036
636,1,1,0.6800926924838437,0.6431713394338656,0.8746659432062285
637,1,1,0.661707026111712,0.6269844555539705,0.9543968630489943
638,1,1,0.6417280782865297,0.6137248376803084,0.8213926213602926
639,0,0,0.5749739891826784,0.49793447890058934,1.169175880524182
640,1,0,0.6124622605638899,0.49977298126782704,0.05686786297156758
641,0,0,0.5368366762257635,0.4734271784110918,-0.15149413239862697
642,0,0,0.503421081805041,0.46406006437499525,0.20052664286375646
643,0,0,0.5202003050341728,0.5004474796153139,0.16735494810685592
644,0,0,0.531713301478055,0.432827014831692,0.5642000317749861
645,0,0,0.45668580386910124,0.4232047273778827,0.813193113063956
646,0,0,0.4718837151296255,0.47277722939101036,0.6315784940831017
647,0,0,0.48554157865319336,0.4204867862725173,0.698182405610969
648,0,0,0.4684316419417231,0.41899795271417917,0.6771553645668407
649,0,0,0.44412846259591215,0.47418142119181317,0.5411271355294154
650,0,0,0.48587627907259523,0.4622693498648751,0.43319830797979336
651,0,0,0.5088025440869052,0.4840906732833736,0.30517563414343607
652,0,0,0.43776658389855283,0.43924595233365843,0.23825030164294225
653,0,0,0.44701656042435167,0.44729259246858966,0.18763543527376833
654,0,0,0.4620957746184006,0.4592745164671788,0.15200911134816333
655,0,0,0.51083970317207,0.4722774145975941,0.09880809182410173
656,0,0,0.5307704877350523,0.5147496243853338,0.05794159479385043
657,0,0,0.5524285993528878,0.5524285993528878,0.015241838257929106
658,0,0,0.5666654199096431,0.5659077291190684,-0.01864638108715787
659,0,0,0.5784636574462839,0.5685538699099864,0.5998421038454779
660,0,0,0.5677451911432154,0.5837265578150783,0.9825076841654802
661,0,0,0.34020932055864556,0.4162863556514253,1.2799801416438508
662,1,0,0.6573055390824276,0.0,1.4586874060889672
663,0,0,0.45784496751342657,0.3994666666648688,1.6414043283821924
664,0,0,0.5789004486803835,0.45964426263019337,1.7443884550313675
665,1,0,0.7689211058885366,0.4090666666666369,2.1250955430785385
666,1,0,0.6608582925231791,0.0,2.092796337680057
667,0,0,0.5153124476895614,0.0,2.3096588965538793
668,0,0,0.48044419130096583,0.3995242473390663,1.1865991239730203
669,0,0,0.59541473538444,0.4175900022682737,1.365961987512842
670,0,0,0.44510553538832265,0.42089948461352855,1.3055778330996621
671,0,0,0.47576594892609836,0.4090666666666353,1.4849618641697622
672,0,0,0.5553655399644112,0.4114666666666555,1.5063410330969373
673,1,0,0.6560193308469866,0.41603933947382715,1.5786546200866505
674,1,0,0.7043133960989817,0.41146666666662873,1.7518221700675383
675,0,0,0.5707080371166587,0.4042666666666284,1.822209884230991
676,0,0,0.5685253739530304,0.4018666666659653,1.9676684072448973
677,1,0,0.8017277886635291,0.4018666666666235,1.8753703649436768
678,1,0,0.6033336937447723,0.0,1.9184771942325707
679,0,0,0.5961550593037384,0.0,1.956109625765638
680,1,0,0.8566582375885557,0.4090666666666619,2.0880673971102746
681,1,0,0.868117882127398,0.4207099323982173,2.199645924413154
682,1,0,0.8148096442400247,0.0,2.236593238206963
683,1,0,0.7944972611919442,0.0,2.265026777528559
684,1,0,0.7737434985301285,0.441415854528684,2.4213592658935896
685,0,0,0.523556390585201,0.4136315638586681,2.1411261826102885
686,1,0,0.7749955054137804,0.4066666666666371,1.9903919596004567
687,0,0,0.5245570725962866,0.0,1.9503370505703828
688,1,0,0.6393167474883481,0.39946666666486896,1.2959713192312408
689,1,0,0.6967631151535061,0.4042666666666359,1.358652132334989
690,1,0,0.6327184804396375,0.0,1.3691333713251466
691,1,0,0.7793753219481627,0.4066666666665322,1.6637434294634483
692,0,0,0.4,0.40186666666662535,1.9309113456139393
693,0,0,0.495676109409853,0.40666666666664,2.023045180719297
694,0,0,0.5023583890354855,0.0,2.028291737982874
695,1,0,0.6717934261738339,0.0,2.009888579595293
696,0,0,0.5381776739284584,0.0,1.9584683785487016
697,0,0,0.5699821735591492,0.0,2.0066589206707794
698,0,0,0.5314514974350222,0.0,2.0304317430967953
699,1,0,0.760242699480754,0.0,2.076807359551354
700,1,0,0.8733702759721199,0.4018666666665304,1.8207338210975026
701,0,0,0.5483617177046212,0.0,1.852689647077171
702,0,0,0.45653325294933184,0.0,1.8380605387791324
703,1,0,0.7470257374080532,0.4066666666665211,1.9592827388804455
704,1,0,0.7721038875768932,0.0,1.9989339856416168
705,1,0,0.7534121830927183,0.0,2.019848268397669
706,1,0,0.6352127682118329,0.0,2.0356616379285906
707,1,0,0.7609085504866031,0.0,2.057944783552036
708,0,0,0.4989588389813171,0.0,2.0808128515217224
709,1,0,0.6323229982577417,0.0,2.1064113266943183
710,1,0,0.6949169930798892,0.0,2.1174839015410214
711,0,0,0.40628365232812436,0.0,2.22911335859853
712,1,0,0.7196275107064701,0.0,2.063554293648842
713,1,0,0.7342420038645676,0.0,2.110780254740731
714,1,0,0.6175276370926859,0.0,2.1301655622326825
715,1,0,0.708268852326612,0.0,2.0263039834427685
716,1,0,0.7348742350069168,0.0,2.123379062242192
717,1,0,0.6804443317070331,0.0,2.17343180570215
718,0,0,0.5854544112843769,0.0,2.098223525514869
719,1,0,0.6828871402723655,0.39946666666486896,2.181998707894087
720,1,0,0.7608256241135736,0.4066666666665325,2.427507216644984
721,1,0,0.7178576206715209,0.35746421939587497,2.4717141121388413
722,1,0,0.6714339463089194,0.41850187791789595,2.249821272335628
723,1,0,0.645029248177066,0.0,2.329724422422708
724,1,0,0.7863224622294428,0.40186666666633625,2.1571586693300335
725,1,0,0.7350297793317025,0.401866666666373,2.2670406571054276
726,1,0,0.6633885919030791,0.4129468443449692,2.4441772293287967
727,1,0,0.7876940295719317,0.0,2.485686860877898
728,0,0,0.5014250206949339,0.4018666666664082,2.4518056574930114
729,1,0,0.706939108621707,0.4018666666666309,2.4538606084729175
730,0,0,0.4339838791540076,0.41600129139873593,2.294464932329505
731,1,0,0.6770865438544909,0.39946666666486896,2.285819539745411
732,0,0,0.5773860036075344,0.41020504352120657,2.26388931770455
733,1,0,0.6467043893189139,0.18081622967496563,2.1983222109980987
734,1,0,0.7042089214101528,0.4145758661562871,1.7897147973886662
735,0,0,0.5311246930901444,0.4137945731645952,1.943570653974978
736,0,0,0.4692080509867888,0.41572061469300836,1.4007047702902848
737,1,0,0.6118003928693658,0.4633881496317469,1.7236617021491485
738,1,0,0.6830382868755209,0.5830547028987612,1.9192147780552216
739,1,1,0.7067162272498974,0.6512199868074395,1.61978637962827
740,1,1,0.7611970777452282,0.6616217963356688,1.7751452728819845
741,1,1,0.7342226527988727,0.6466771036019894,1.8945590086889368
742,0,1,0.527948043887141,0.620460703130517,1.2804853428893193
743,1,1,0.6910787732608805,0.6168033224265279,1.690008129419374
744,0,1,0.5111474584073213,0.678256801734808,1.8077750883199906
745,0,1,0.5450611330904452,0.6456052498842448,1.1854003648499458
746,0,0,0.5536791860373284,0.5828665744867604,0.7713590849991597
747,0,0,0.5464785982001016,0.576053029666474,0.47182474676374264
748,0,0,0.5415346628171005,0.5305329894596591,0.2565886935824092
749,0,0,0.5771599033602185,0.5519505261133204,0.13168112351703062
750,0,0,0.5553781797110117,0.5556461309066084,0.07375120169443315
751,0,0,0.5537339082394651,0.5719201024991954,0.024027262212453417
752,0,0,0.5368956095681,0.5979964468146293,-0.047831614349574794
753,0,1,0.5679949102245322,0.6070510282465934,-0.06079262535273301
754,0,0,0.571611253623062,0.5955402786983618,-0.06296163294498443
755,0,1,0.5636824638403561,0.6847519094190477,-0.0652591045368442
756,0,0,0.5481756411423261,0.5794229274683623,-0.0630971151673049
757,0,1,0.5495251798754395,0.6450688578817583,-0.059065806753211554
758,0,0,0.5525968027086708,0.5058078021579391,-0.04210013903957588
759,0,1,0.5492073323933899,0.7005767633146696,-0.024974915768380828
760,0,1,0.5416262482504399,0.6102676325998255,-0.021051732908980544
761,0,0,0.5461350865325556,0.564713815909972,-0.015638531669152276
762,0,0,0.5315005144684777,0.5403978241554716,-0.02752282782522525
763,1,1,0.7747745987846424,0.636887402313381,0.684296062510266
764,1,1,0.7695556122820366,0.6131779203629122,1.1653046840927441
765,1,0,0.77064924909576,0.5907219147765399,1.5171664000281488
766,1,0,0.7837632348107557,0.5546308888687217,1.7495542811249385
767,1,0,0.7856589659129708,0.5047921864012637,1.9059585154774223
768,0,0,0.4487215803004658,0.45029473076219995,1.985863365248689
769,0,0,0.4225042318488713,0.44887827292788446,1.438349995861265
770,1,0,0.752323308132121,0.4093532612548718,1.592672903581191
771,0,0,0.41633268287214775,0.41009990830569715,1.1180936051234447
772,0,0,0.5039545685864674,0.40454741698496555,1.1121037049711158
773,0,0,0.4399489255541382,0.4022770204061185,1.233992796229635
774,0,0,0.4631126461075067,0.0,1.158661050753828
775,0,0,0.463310668383321,0.0,1.0946710488585534
776,0,0,0.3128097345283834,0.0,1.0903112388870284
777,0,0,0.4436378858111726,0.0,1.1338335912158846
778,0,0,0.4475444670963866,0.0,1.0301305504917604
779,0,0,0.4222159290080952,0.0,-0.20966459561100362
780,0,0,0.0,0.0,-0.20966459561100362
781,0,0,0.4517128307235867,0.0,0.0011355632299866686
782,1,0,0.7178029021366777,0.4138666666666461,0.3674151214576535
783,1,0,0.7195277807354699,0.4402666666666609,0.561999366121311
784,0,0,0.41282074903498023,0.40666666666666407,0.5581635284328403
785,0,0,0.5051624860650853,0.0,0.5988777782792132
786,0,0,0.5612151798515699,0.0,1.0388518157850544
787,0,0,0.39252856398631847,0.4042666666664284,0.6951784402837068
788,0,0,0.44140699253991916,0.40186666666658016,0.33888925658773694
789,0,0,0.46530799545764695,0.4209753387900574,0.3436829512843703
790,0,0,0.4242706806582487,0.3984183775906778,0.5174219570812535
791,1,0,0.6705475841703756,0.5984450914913767,0.276889798957726
792,0,0,0.5602669410532078,0.4801139282562877,0.4163761715734147
793,0,0,0.49731313664019433,0.5047604901642986,0.05838780357268564
794,0,0,0.4872829631031457,0.43498975431121795,0.6026877389960612
795,0,0,0.5236479106408619,0.507674862725126,0.6219194134315731
796,0,0,0.4104,0.46594019092861205,0.3841031371884329
797,1,1,0.7934954191819228,0.6682245389240371,0.22860836406590707
798,0,0,0.0,0.0,0.22860836406590707
799,0,0,0.4018666666664844,0.0,0.5401555135584443
800,0,0,0.0,0.0,0.5401555135584443
801,0,0,0.0,0.0,0.5401555135584443
802,0,0,0.0,0.0,0.5401555135584443
803,0,0,0.0,0.0,0.5401555135584443
804,0,0,0.0,0.0,0.5401555135584443
805,0,0,0.0,0.0,0.5401555135584443
806,0,0,0.0,0.0,0.5401555135584443
807,0,0,0.0,0.0,0.5401555135584443
808,0,0,0.0,0.0,0.5401555135584443
809,0,0,0.4066666666665884,0.0,0.6940170863402915
810,0,0,0.3883887291096414,0.0,-0.2744211122038349
811,0,0,0.42637606493400315,0.0,-2.3147651895236283
812,0,0,0.0,0.0,-2.3147651895236283
813,0,0,0.5413288051876234,0.0,-1.3830277773411044
814,1,0,0.6765001560808028,0.0,-0.6895857701653612
815,0,0,0.0,0.0,-0.6895857701653612
816,0,0,0.0,0.0,-0.6895857701653612
817,0,0,0.0,0.0,-0.6895857701653612
818,0,0,0.0,0.0,-0.6895857701653612
819,0,0,0.0,0.0,-0.6895857701653612
820,0,0,0.0,0.0,-0.6895857701653612
821,0,0,0.4140006979450974,0.0,2.02190696831141
822,0,0,0.44759611157393725,0.0,2.4416111439281183
823,0,0,0.0,0.0,2.4416111439281183
824,0,0,0.0,0.0,2.4416111439281183
825,0,0,0.0,0.0,2.4416111439281183
826,0,0,0.0,0.0,2.4416111439281183
827,0,0,0.4302557621342988,0.0,1.2656899814042453
828,0,0,0.0,0.0,1.2656899814042453
829,0,0,0.0,0.0,1.2656899814042453
830,0,0,0.4906598707648299,0.0,1.1191871015356702
831,1,0,0.6437729943048709,0.0,1.0240398143014773
832,1,0,0.601476576668571,0.0,0.9326904983167985
833,0,0,0.4657992931969048,0.0,0.9493917332018719
834,1,0,0.683406936432776,0.4018666666665803,0.9874209702995659
835,1,0,0.6021766397812284,0.42388707505558604,5.902282145007007
836,0,0,0.5976566317051444,0.0,5.917452304867765
837,0,0,0.47505510003732465,0.0,5.939965848014348
838,1,0,0.9590223388215184,0.0,6.082413718931916
839,0,0,0.4798482889710802,0.0,5.974641896366621
840,1,0,0.7173083136767411,0.0,6.03159782691526
841,0,0,0.5539361894638429,0.0,6.072009260749829
842,0,0,0.47506544917175403,0.0,6.1306388242539445
843,0,0,0.5763704671451968,0.0,6.174893110376603
844,0,0,0.4253688778066598,0.0,6.276363559348587
845,0,0,0.0,0.0,6.276363559348587
846,0,0,0.4009137673659663,0.0,6.395503976019233
847,0,0,0.3195379124189123,0.0,6.376005912094497
848,0,0,0.4042666666665323,0.0,6.401405349161029
849,1,0,0.6192590457352247,0.0,6.366692062134578
850,1,0,0.6013007768489789,0.0,6.400835054132903
851,0,0,0.47509324349831267,0.0,6.489111153967841
852,0,0,0.41219039232166155,0.0,7.878374442456892
853,0,0,0.5446355763471382,0.0,7.738341192488582
854,1,0,0.657347652601153,0.0,7.55029847281643
855,1,0,0.6750085546601425,0.40666666666653245,6.789952568065507
856,1,0,0.6118746266195352,0.0,6.475953585842065
857,0,0,0.5427591656975255,0.0,6.167440731888967
858,1,0,0.7025233424482086,0.0,5.9322807371394335
859,1,0,0.7587196314309949,0.0,5.783266211376881
860,1,0,0.7514803660235241,0.0,5.685384846189292
861,1,0,0.7087472967834104,0.0,5.600086695496528
862,1,0,0.6896486422510929,0.0,5.633106562521554
863,0,0,0.5426631322834845,0.0,5.663307236176451
864,0,0,0.4286095895715896,0.0,5.6608965228212185
865,1,0,0.6543208529816825,0.0,5.655065493292408
866,0,0,0.541845675246399,0.0,5.639872400830215
867,1,0,0.7456347735792546,0.0,5.556622550645873
868,1,0,0.784274079392389,0.0,5.577339143947639
869,1,0,0.6685533491943259,0.0,5.574235457367881
870,0,0,0.44445213270116024,0.0,5.490151258059354
871,0,0,0.5175239367753256,0.0,5.6192691966427
872,0,0,0.5882434972989437,0.0,5.57675755283901
873,0,0,0.59848836871967,0.0,5.213653912157242
874,1,0,0.7214292046787154,0.0,5.303898149844433
875,0,0,0.5996239938091534,0.0,5.372952945282771
876,0,0,0.4596199300860365,0.0,5.185181971050285
877,0,0,0.4192150220601683,0.0,5.115746012793294
878,0,0,0.4066666666666296,0.0,4.9732830580650225
879,0,0,0.47647146942713614,0.0,4.600115188876794
880,0,0,0.4130529485611061,0.0,4.457742206391289
881,0,0,0.36602949338324475,0.0,4.561331368508204
882,0,0,0.5940291961350472,0.0,4.576850945092455
883,1,0,0.6632209808680918,0.0,4.645574001982141
884,0,0,0.5918526426106967,0.39946666666486896,3.286128672890558
885,0,0,0.5375649757436571,0.0,3.268259036036848
886,1,0,0.6423143348637768,0.4042666666665237,2.5635822665143158
887,1,0,0.6406586586653562,0.41626666666666157,2.004040906814857
888,1,0,0.6606846103058165,0.0,1.950260819390308
889,0,0,0.5203378337439413,0.0,1.9209068728037417
890,1,0,0.8207865732074808,0.0,1.874569925613147
891,1,0,0.7301933810008825,0.0,1.9088886086719006
892,1,0,0.6456851531003287,0.4090666666666596,1.6135153724020206
893,0,0,0.4248888551806614,0.40426666666647076,1.343480646937663
894,1,0,0.8083252558449491,0.4018666666663364,1.0897657299656258
895,1,0,0.6960406752388824,0.48231544414997374,0.9674964627212376
896,1,0,0.751530133319432,0.41386666666663324,0.9545871981155604
897,1,0,0.7077133617348405,0.4090666666666479,0.9774750288796821
898,1,0,0.8111091910171733,0.24626204154149747,0.9159520601107446
899,1,0,0.7936054467271705,0.45049631330498113,1.009671385223387
900,1,0,0.7172344510018603,0.41681095278549857,0.5520968904118263
901,0,0,0.44058282665854964,0.43226762494465,0.8209754242189182
902,1,0,0.6758934576135274,0.4429914338243169,0.7274280487379706
903,1,0,0.6447247556727906,0.43687494889379885,0.4750743845169074
904,1,0,0.6839703435487263,0.4887626207174281,0.5453276204274919
905,1,0,0.7581090731170745,0.4191449827226391,0.698957974085594
906,1,0,0.6824172978217355,0.3750751305116527,0.7643853730533097
907,1,0,0.8237118561934705,0.3877350728381438,1.0623130167931698
908,1,0,0.6971737746591202,0.35043412963088444,0.9540125155395649
909,0,0,0.23499491530199967,0.2695820679985861,0.6140418618842328
910,1,0,0.6987144882245885,0.3794230689468229,0.6689841250280294
911,1,0,0.8869313831456291,0.19829898084555958,0.7316168556207882
912,1,0,0.8821051070590733,0.40513498854225016,0.880433652384348
913,1,0,0.6044877459956948,0.2912,0.7797466542537361
914,1,0,0.6790166906353408,0.5110658146568936,0.5269263606025546
915,1,0,0.6600365815247367,0.3747911688301122,0.30142610341170445
916,1,0,0.704102964910436,0.39032875573092307,0.2737696182638015
917,1,0,0.6502577669349681,0.44926728853596587,0.37259415783329913
918,1,0,0.6943227530383529,0.5618642959748873,0.4017523356400271
919,1,0,0.7315689997803361,0.46397865580989206,0.3831745471626044
920,0,0,0.2536,0.48353449546272487,0.09551790951824715
921,0,0,0.5827885076826919,0.3820941623210019,0.08478175851379281
922,1,0,0.7100948587749073,0.35452897445997833,0.36165144968302826
923,1,0,0.6261356638356519,0.494673880858442,0.523512577479021
924,1,0,0.6872444022935488,0.49310924162540515,0.750632916201388
925,0,0,0.5702470109184853,0.5200436993186757,0.5089308448005072
926,0,0,0.5486756636822199,0.5314082903770299,0.6283866104702661
927,1,1,0.807383788553346,0.6930617467605339,0.745510354022134
928,1,1,0.7888016076442917,0.6349647955052298,0.774262047068146
929,1,1,0.8388695506997652,0.6394826190722613,0.8250455949868828
930,1,0,0.8454110796345132,0.46704868389222975,0.8984269174402717
931,1,0,0.782421151007034,0.372205611594597,0.8984583290241521
932,1,0,0.8696095316849937,0.3855007984873471,0.9050455904116652
933,1,0,0.9000627552391434,0.34356837231031484,0.9033332190828038
934,1,0,0.8898275482521963,0.4232336190139521,0.7047004002637758
935,1,0,0.8430056334668287,0.5135727975316262,0.8466878271870654
936,1,0,0.8357646573207028,0.4341902187874139,0.841619531258549
937,1,0,0.8905115048824308,0.350658598279913,0.8619932663398204
938,1,0,0.8954113486638622,0.35767836520750423,0.8401706533072737
939,1,0,0.8950200032241842,0.44746849566583985,0.8780194756478875
940,1,0,0.8724047209840874,0.4401279036238003,0.8725722936329859
941,1,0,0.8762641007709724,0.2623801803818007,0.7482553095109604
942,1,0,0.8402045549310005,0.40474956816225877,-1.1429267356404236
943,1,0,0.7396884751589642,0.4381139557689547,-0.7382802297727568
944,1,0,0.8560208890801003,0.40766066696161746,-0.36362831227762155
945,1,0,0.8681804446090837,0.3261669962422158,-0.14922397663690515
946,1,0,0.9031447358529259,0.29101948310996445,-0.06730675468230772
947,1,0,0.9302529386141377,0.4267195730041009,-0.9859895574643279
948,1,0,0.9249722658440089,0.4138666666666596,-0.602168284761585
949,1,0,0.8433676234401238,0.4846544311231694,-0.24091169539552545
950,1,0,0.8512119147230486,0.42118216662117886,0.04159913833848643
951,1,0,0.7994322936065886,0.4487040666563145,0.27021917658167194
952,1,0,0.8533368999829034,0.4509244660589817,0.38667260996938435
953,1,0,0.726631371503526,0.4018666666663441,-0.10552577321571036
954,1,0,0.6382057348572405,0.0,-0.1115733034860286
955,1,0,0.7225711374123219,0.40177365020660666,0.4434074273151044
956,1,0,0.7859493534689488,0.4066666666666289,0.4189186549499362
957,1,0,0.6092580552843602,0.42663997414226534,2.9866738948885447
958,1,0,0.6789419616565228,0.4114666666666593,2.2774375026133216
959,1,0,0.6695411263632344,0.4325238387603697,1.5780139862256093
960,1,0,0.8656991330417745,0.20939530813000484,1.2241958224366185
961,1,0,0.8671603147422101,0.4042666666666156,0.7250952112120244
962,1,0,0.7741162019807278,0.22627466022442,0.5964009189468459
963,1,0,0.93981169085056,0.4018666666663437,0.5217494735271265
964,1,0,0.7266753140398555,0.4090666666665588,0.13212806495965135
965,1,0,0.8006823881677588,0.42320663981619355,-1.0340285823645048
966,1,0,0.860222998406076,0.4310292652938307,-0.7363967086994846
967,1,0,0.9195931134366575,0.40557232359455764,-0.6593379402133074
968,1,0,0.9348525183079237,0.4507842248688153,-0.44582777458143735
969,1,0,0.9701003036302532,0.4076169243385243,-0.052650972372679725
970,1,0,0.7722427115345402,0.41146666666664466,0.15637674341404928
971,1,0,0.8989802102230029,0.0,0.16669573253996897
972,1,0,0.6508201509133273,0.0,0.18154527971869683
973,0,0,0.5591594154000938,0.0,0.20783864085649606
974,0,0,0.0,0.42585601493318237,-0.0032408036810949985
975,0,0,0.0,0.0,-0.0032408036810949985
976,0,0,0.0,0.0,-0.0032408036810949985
977,0,0,0.48873093283598185,0.0,0.043016586057457194
978,0,0,0.4811033542297957,0.0,0.06438997077503203
979,0,0,0.44606730652584103,0.0,0.06189045083785615
980,0,0,0.409066666666664,0.409066666666664,0.10358045844121519
981,0,0,0.41125232585218946,0.4018666666664815,0.23564812414693337
982,0,0,0.4066666666666173,0.4081030436680964,0.0981796921675437
983,0,0,0.5056758239776343,0.41146666666665915,0.2328309712929406
984,0,0,0.5226516093284155,0.40666666666663226,0.045791987632196426
985,0,0,0.5051915330898302,0.4231867002311132,0.18189927027448716
986,0,0,0.4854921468676704,0.0,0.19866135629656284
987,1,0,0.7134982656762077,0.0,0.414630556395309
988,1,0,0.6610106088464143,0.0,0.4055949772586173
989,1,0,0.7041125745538074,0.4141593297961516,0.4266979051475579
990,1,0,0.6602834859252171,0.0,0.36373441546790664
991,1,0,0.7666015246916912,0.4018666666666536,0.5701802778948778
992,1,0,0.6838126588516771,0.0,0.6220735214255089
993,0,0,0.37255925039245025,0.5019356626379179,0.70632575218838
994,0,0,0.42881156449150926,0.4047928792422083,0.8542416026983126
995,0,0,0.47282406200264737,0.40851033411033416,0.504567351539466
996,0,0,0.45599897799508143,0.4090666666665418,0.8201442105006798
997,1,0,0.6458048009598796,0.0,0.5703732522699576
998,1,0,0.7137959043714228,0.0,0.42149518859493973
999,1,0,0.7574970027628161,0.0,0.5946409444629576
1000,1,0,0.7454907838922228,0.0,0.7368366283737549
1001,1,0,0.7465975442293327,0.0,0.835994810309288
1002,0,0,0.0,0.0,0.835994810309288
1003,0,0,0.0,0.40426666666658434,0.6740223983981617
1004,0,0,0.0,0.0,0.6740223983981617
1005,0,0,0.404266666666655,0.0,0.7382177971890914
1006,1,0,0.7465935735801885,0.0,1.191971812630717
1007,0,0,0.563427572301419,0.0,1.2049604563155312
1008,0,0,0.0,0.0,1.2049604563155312
1009,0,0,0.0,0.0,1.2049604563155312
1010,0,0,0.40186666666655974,0.0,1.1273173068616424
1011,0,0,0.5750275049554275,0.0,1.3148477633654205
1012,0,0,0.47442778530463725,0.0,1.3331551307607057
1013,0,0,0.5497787667374321,0.0,1.390846177457986
1014,0,0,0.3786742393335648,0.57674247453342,1.2705202775690942
1015,0,0,0.5195321029759312,0.4018666666666263,0.4133944559954487
1016,0,0,0.5263430964103667,0.0,0.4735155488028448
1017,0,0,0.3447629940992154,0.4088373740865419,0.6291200480722827
1018,0,0,0.4204890551900774,0.4152190893259575,0.3665891290213518
1019,0,0,0.4505561539542642,0.401866666666279,-0.13632192605724314
1020,1,0,0.6675201676834914,0.4018666666663294,0.17361302206019424
1021,1,0,0.6230747344519704,0.446976350738287,0.5154708043505729
1022,1,0,0.7890803067552046,0.39946666666486896,-0.00572674648958868
1023,0,0,0.4600707368346908,0.40925445950859624,-241.87818249375636
1024,0,0,0.2595149160042991,0.0,-241.5498582729846
1025,0,0,0.4256026084340366,0.4138666666666547,-168.45781613289114
1026,0,0,0.579179410856612,0.40186666666661897,-118.68112502676551
1027,0,0,0.4112388809455836,0.4143958397015149,-83.573060366605
1028,0,0,0.4454275171256512,0.4018666666665915,-58.15326709828181
1029,1,0,0.6365250768377468,0.40906666666664987,-40.16635166945647
1030,0,0,0.4651084113058061,0.4309147933969124,-28.35075365271384
1031,0,0,0.4555762303646005,0.0,-27.05244297194409
1032,0,0,0.49785940163279413,0.0,-27.173981838625622
1033,0,0,0.5105746635179432,0.4204002770412221,-18.534539055227395
1034,0,0,0.4210666666666656,0.4210666666666656,-12.87269162437351
1035,0,0,0.39946666666486863,0.0,-12.827097499917917
1036,0,0,0.4018666666666583,0.0,-12.619167327137216
1037,0,0,0.0,0.0,-12.619167327137216
1038,0,0,0.40186666666662535,0.40186666666656456,-8.40527427160033
1039,0,0,0.43849786377013267,0.4090666666666504,-3.9638228081825204
1040,1,0,0.6292894718460929,0.4635509094471842,-3.20585318556636
1041,1,0,0.7699475152832838,0.4628860582308105,-2.714683160505443
1042,0,0,0.510158931912595,0.41094672946101757,2.120448241731847
1043,1,0,0.7112586781357244,0.4138666666666383,2.1075658169133247
1044,0,0,0.45358140131628694,0.4155269079556274,1.5720026744370788
1045,0,0,0.38350006263832076,0.40811277239780186,0.7150472044953237
1046,1,0,0.7425614070774653,0.4347827190905578,1.288936670066622
1047,1,0,0.606427159717714,0.43334424762805296,2.0140647614331644
1048,0,0,0.4385670340408576,0.43507072852138584,3.516657053450032
1049,0,0,0.4018666666664679,0.0,3.627893624245213
1050,0,0,0.0,0.38417736957767584,4.925948266211643
1051,0,0,0.0,0.3825035629271445,-6.876206228314579
1052,0,0,0.4090666666666634,0.4018666666664771,-4.8577443462498
1053,0,0,0.4186666666666597,0.0,-5.269517713518157
1054,0,0,0.4018666666666081,0.40426666666659516,-3.70848382012719
1055,0,0,0.40666666666660467,0.4147152903109227,-3.2152551762685277
1056,0,0,0.40186666666648035,0.0,-3.021344803303872
1057,0,0,0.4018666666666204,0.0,-3.2043361074325643
1058,0,0,0.0,0.0,-3.2043361074325643
1059,0,0,0.4238375632841545,0.4018666666666044,-2.112187305304443
1060,0,0,0.0,0.40851033411033416,-1.6201543576013255
1061,0,0,0.3981163378953844,0.41680527814070323,-1.955946564080806
1062,0,0,0.40426666666665795,0.0,-2.3472402778367774
1063,0,0,0.42369686809194274,0.4319174304739522,-0.981687595239235
1064,0,0,0.4330000905715986,0.0,-0.7373433861027
1065,0,0,0.0,0.0,-0.7373433861027
1066,0,0,0.4148661006857692,0.0,0.9138667425852053
1067,0,0,0.4078567781547909,0.0,0.6058730841004206
1068,0,0,0.5441608079629587,0.4246723393505547,0.4680539974140019
1069,0,0,0.4057979782022936,0.3978520633085998,60.174322495798975
1070,0,0,0.41800947115961634,0.4066475167224554,45.279511368095264
1071,0,0,0.3562643552955635,0.0,44.768244917763276
1072,0,0,0.3430525854369616,0.0,44.1537822125423
1073,0,0,0.0,0.0,44.1537822125423
1074,0,0,0.4341791757508894,0.4018666666664522,30.335450871020974
1075,0,0,0.0,0.40901324212006784,23.836068236001413
1076,0,0,0.38225918052818963,0.38225918052818963,-86.91516099034153
1077,0,0,0.0,0.39453920313968344,-77.16350121095498
1078,0,0,0.401866666666649,0.40719515029554754,-49.085815556609035
1079,0,0,0.0,0.37216000000000005,-44.162160940230734
1080,0,0,0.4209219754173512,0.4018666666666596,-30.81410733192827
1081,0,0,0.4158385299923714,0.0,-23.620684330907643
1082,0,0,0.41839993357653843,0.0,-21.68707987282526
1083,0,0,0.3394808585895638,0.0,-15.432656136124375
1084,0,0,0.0,0.0,-15.432656136124375
1085,0,0,0.448103221338293,0.0,-11.03905201113986
1086,0,0,0.3648892454680386,0.40186666666662463,-14.966201967722489
1087,0,0,0.0,0.40186666666651094,-13.63605703688305
1088,0,0,0.0,0.4042666666665809,-12.837362719987862
1089,0,0,0.41241099487486366,0.0,-10.147808964418893
1090,0,0,0.0,0.0,-10.147808964418893
1091,0,0,0.0,0.35042529185191723,-17.868672104239266
1092,0,0,0.0,0.4090666666666603,-14.97746999079813
1093,0,0,0.0,0.0,-14.97746999079813
1094,0,0,0.0,0.0,-14.97746999079813
1095,0,0,0.0,0.0,-14.97746999079813
1096,0,0,0.40186666666637333,0.0,-12.140977615998883
1097,0,0,0.0,0.0,-12.140977615998883
1098,0,0,0.0,0.0,-12.140977615998883
1099,0,0,0.0,0.0,-12.140977615998883
1100,0,0,0.0,0.0,-12.140977615998883
1101,0,0,0.0,0.0,-12.140977615998883
1102,0,0,0.0,0.0,-12.140977615998883
1103,0,0,0.0,0.0,-12.140977615998883
1104,0,0,0.0,0.0,-12.140977615998883
1105,0,0,0.0,0.0,-12.140977615998883
1106,0,0,0.0,0.0,-12.140977615998883
1107,0,0,0.0,0.0,-12.140977615998883
1108,0,0,0.0,0.0,-12.140977615998883
1109,0,0,0.0,0.0,-12.140977615998883
1110,0,0,0.0,0.0,-12.140977615998883
1111,0,0,0.0,0.0,-12.140977615998883
1112,0,0,0.0,0.0,-12.140977615998883
1113,0,0,0.0,0.0,-12.140977615998883
1114,0,0,0.0,0.0,-12.140977615998883
1115,0,0,0.0,0.0,-12.140977615998883
1116,0,0,0.0,0.0,-12.140977615998883
1117,0,0,0.0,0.0,-12.140977615998883
1118,0,0,0.0,0.409421198156682,-10.77753315746141
1119,0,0,0.0,0.0,-10.77753315746141
1120,0,0,0.0,0.0,-10.77753315746141
1121,0,0,0.40186666666665377,0.40901324212009005,-9.939248763852296
1122,0,0,0.0,0.0,-9.939248763852296
1123,0,0,0.0,0.0,-9.939248763852296
1124,0,0,0.36901466651237386,0.0,-4.179811489899465
1125,0,0,0.3310924300375723,0.0,-24.065030585091137
1126,0,0,0.4065096774193549,0.4221628629065348,-17.266545415845965
1127,0,0,0.406666666666646,0.0,-13.608621727953006
1128,0,0,0.40433704692570127,0.3872343987123067,145.90336109873002
1129,0,0,0.44598747228433344,0.3802715905853653,87.54453240229759
1130,0,0,0.0,0.0,87.54453240229759
1131,0,0,0.40987189542483676,0.40987189542483676,62.29550125314459
1132,0,0,0.4080030266051678,0.0,63.08154440444833
1133,0,0,0.5542057450113826,0.0,64.26752580783274
1134,0,0,0.0,0.0,64.26752580783274
1135,0,0,0.0,0.0,64.26752580783274
1136,0,0,0.0,0.0,64.26752580783274
1137,0,0,0.0,0.0,64.26752580783274
1138,0,0,0.0,0.0,64.26752580783274
1139,0,0,0.0,0.0,64.26752580783274
1140,0,0,0.0,0.0,64.26752580783274
1141,0,0,0.39001616375668263,0.0,-48.03616002747558
1142,0,0,0.40938328682783287,0.0,-13.824824475524458
1143,0,0,0.0,0.40800000000000003,-33.41987934629709
1144,0,0,0.0,0.424073467830184,-47.020306532609574
1145,0,0,0.0,0.0,-47.020306532609574
1146,0,0,0.0,0.40942119815668204,-57.019008656830884
1147,0,0,0.0,0.0,-57.019008656830884
1148,0,0,0.0,0.40186666666664606,-63.88692612819969
1149,0,0,0.38304049380550254,0.0,-38.41206217641979
1150,0,0,0.43150844485446516,0.40186666666635523,-27.49603732561802
1151,0,0,0.46747870845614325,0.0,-15.27543698013571
1152,0,0,0.0,0.5085536291145424,-18.64657456760345
1153,0,1,0.0,0.6543714662740652,-20.539146152707406
1154,0,0,0.0,0.0,-20.539146152707406
1155,0,0,0.0,0.3518021945725137,-29.897353625649867
1156,1,0,0.6229419889783113,0.0,-21.612642160721737
1157,0,0,0.5794961985056178,0.5436246654587016,-14.108464436016456
1158,0,0,0.4109467294610096,0.0,-10.306135419177744
1159,0,0,0.0,0.0,-10.306135419177744
1160,0,0,0.3376571127176036,0.0,-92.66074321460782
1161,0,0,0.36924100496856427,0.0,-68.32724437530666
1162,0,0,0.37347012322293527,0.0,-50.61963670780455
1163,0,0,0.0,0.0,-50.61963670780455
1164,0,0,0.0,0.0,-50.61963670780455
1165,0,0,0.40666666666658097,0.0,-36.30023131754392
1166,0,0,0.0,0.0,-36.30023131754392
1167,0,0,0.0,0.40186666666659515,-36.007774262313774
1168,0,0,0.0,0.0,-36.007774262313774
1169,0,0,0.0,0.0,-36.007774262313774
1170,0,0,0.0,0.40168773849941936,-31.811319603298298
1171,0,0,0.0,0.0,-31.811319603298298
1172,0,0,0.0,0.0,-31.811319603298298
1173,0,0,0.0,0.0,-31.811319603298298
1174,0,0,0.4042666666665239,0.40186666666656035,-22.23383086406367
1175,0,0,0.41796486386140386,0.5507731091915101,-16.466783604017966
1176,0,0,0.0,0.4391028445903789,-17.116290880744653
1177,0,0,0.0,0.0,-17.116290880744653
1178,0,0,0.0,0.0,-17.116290880744653
1179,0,0,0.4066666666666493,0.0,-12.284972139983719
1180,0,0,0.0,0.0,-12.284972139983719
1181,0,0,0.0,0.41386666666665545,-12.662467902367707
1182,0,0,0.4106307362022503,0.41924612314436954,-12.830354896277102
1183,0,0,0.0,0.42955488861046826,-10.99727217859222
1184,0,0,0.0,0.0,-10.99727217859222
1185,0,0,0.0,0.0,-10.99727217859222
1186,0,0,0.0,0.0,-10.99727217859222
1187,0,0,0.0,0.4138666666666583,-10.056086575254817
1188,1,0,0.778951989283391,0.4100778507455478,-9.582778462249816
1189,0,0,0.4755366598270931,0.0,-7.474284221109707
1190,0,0,0.0,0.0,-7.474284221109707
1191,0,0,0.0,0.0,-7.474284221109707
1192,0,0,0.0,0.0,-7.474284221109707
1193,0,0,0.0,0.0,-7.474284221109707
1194,0,0,0.0,0.40186666666657733,-6.514186159157866
1195,0,0,0.0,0.40186666666659165,-5.7469746498191965
1196,0,0,0.0,0.0,-5.7469746498191965
1197,0,0,0.0,0.0,-5.7469746498191965
1198,0,0,0.0,0.0,-5.7469746498191965
1199,0,0,0.0,0.0,-5.7469746498191965
1200,0,0,0.0,0.4184094751052862,-5.464260981305898
1201,0,0,0.0,0.0,-5.464260981305898
1202,0,0,0.0,0.0,-5.464260981305898
1203,0,0,0.0,0.0,-5.464260981305898
1204,0,0,0.0,0.0,-5.464260981305898
1205,0,0,0.0,0.40426666666662714,-4.946219889990431
1206,0,0,0.0,0.0,-4.946219889990431
1207,0,0,0.0,0.0,-4.946219889990431
1208,0,0,0.0,0.0,-4.946219889990431
1209,0,0,0.0,0.0,-4.946219889990431
1210,0,0,0.40186666666641707,0.0,-3.8432183817539873
1211,0,0,0.0,0.0,-3.8432183817539873
1212,0,0,0.0,0.0,-3.8432183817539873
1213,0,0,0.41152519924046893,0.0,-11.191669906749047
1214,0,0,0.0,0.42931433078587805,-10.997530827147092
1215,0,0,0.0,0.0,-10.997530827147092
1216,0,0,0.4380704974805204,0.4149304574596181,-5.11455041068312
1217,0,0,0.44384131155231843,0.37191450274098603,74.79642945124759
1218,0,0,0.40511809643299224,0.4134144375339576,50.901403987475675
1219,0,0,0.0,0.42775360997841216,33.9881375192149
1220,0,0,0.0,0.0,33.9881375192149
1221,0,0,0.41232500000000727,0.41232500000000727,50.04835745800152
1222,0,0,0.4169765812838747,0.40186666666663673,34.54078006927295
1223,0,0,0.40186666666660553,0.0,32.862911362371726
1224,0,0,0.4085103341103341,0.42106666666665626,23.19663293433452
1225,0,0,0.0,0.0,23.19663293433452
1226,0,0,0.0,0.0,23.19663293433452
1227,0,0,0.4205689351189945,0.40942119815668215,25.871408547004652
1228,0,0,0.3960496404766598,0.0,22.153393992645984
1229,0,0,0.0,0.40186666666661275,18.178948852219545
1230,0,0,0.0,0.0,18.178948852219545
1231,0,0,0.43565960532686643,0.40284652054130426,7.756051169115831
1232,0,0,0.46248756013236025,0.4282183528482989,6.144081142370002
1233,0,0,0.5747707613292614,0.1371677353668706,4.140057416107981
1234,0,0,0.5727276812233628,0.4045891145954096,3.3961781792223134
1235,1,1,0.6139782501920095,0.6591838196867187,3.3784401396238093
1236,1,1,0.7595021177828791,0.6669918857052872,2.987763498903225
1237,0,0,0.5145198335577141,0.5546695963630891,2.079064796777744
1238,0,0,0.39089295126633694,0.4374038236880831,1.3070051336641915
1239,0,0,0.3806658219287092,0.41533409372578384,1.7421679428611396
1240,0,0,0.5203833560679374,0.4042666666665276,1.5340185164497961
1241,1,0,0.6443056067689346,0.43306666666666366,1.5028492697429503
1242,0,0,0.4500178632124374,0.42315437871668726,1.5152306117092214
1243,0,0,0.553531916740096,0.33968395025624976,1.4671060588943508
1244,0,0,0.4564133186435487,0.3997168253638551,2.6541019133098844
1245,0,0,0.45243185430329136,0.5146043306419019,2.5911561754420003
1246,0,1,0.5232474138885802,0.6353468422385494,2.34468948300667
1247,0,1,0.48543731051011585,0.7285579949680804,2.196845856705527
1248,0,1,0.5541785015912604,0.7888182671163418,2.1122488286654773
1249,0,1,0.3655068991646474,0.7897930737621102,2.3703181528760195
1250,0,1,0.4807070475896276,0.66941808725073,1.9999977305150394
1251,0,1,0.4167601913490657,0.6809493187856022,1.5295433138633627
1252,0,1,0.5308822585852898,0.6654882977604291,1.414330339920626
1253,0,1,0.3627810005492129,0.6344322435975978,0.8557567605179226
1254,0,1,0.3441236513929605,0.8959171514759107,1.0905971680057038
1255,0,1,0.429150651965369,0.7442439587813878,1.3335697111887752
1256,0,1,0.46905031593728336,0.7045498691973919,1.1621440173656223
1257,0,1,0.5335425728430064,0.8595671649267268,1.277741380763132
1258,0,1,0.36714113925772224,0.808828860926346,1.3444254911640483
1259,0,1,0.4781168826824247,0.9485531473114964,1.4106652223639273
1260,0,1,0.47763929412098227,0.9035671856502419,1.423930619855312
1261,0,1,0.42389296048153313,0.7320287912859414,1.1641028413518464
1262,0,1,0.3620179674207199,0.8313688001434786,1.6507458434058664
1263,0,1,0.42854649517043125,0.660467075462696,1.203285472281586
1264,0,1,0.39658739283572286,0.6452221289757094,34.80684436608188
1265,0,1,0.41603987761647654,0.7147068545586139,24.395026381958434
1266,0,1,0.4066666666665323,0.8403603285595661,17.109282987691923
1267,0,0,0.4127218851014351,0.5020578784386733,7.0535431274069795
1268,0,1,0.43354294391373666,0.7238102197784666,5.616407553044946
1269,0,1,0.4719882510081734,0.6092164802717583,4.605079837311372
1270,0,1,0.44398216793725387,0.6497076653074818,4.100455344534002
1271,0,0,0.43593296996683284,0.5322482865102437,3.9025985747336516
1272,0,1,0.44279649304240576,0.61738618557748,3.407256793633902
1273,0,0,0.42033395919876904,0.48995266231726664,2.4358374606665274
1274,0,0,0.0,0.4627113762175749,2.470053552077798
1275,0,0,0.4990003654750526,0.43572509090396905,-3.159510764210383
1276,0,0,0.5087838997080222,0.47774112178792044,-1.6474304928208223
1277,0,0,0.0,0.0,-1.6474304928208223
1278,0,0,0.0,0.0,-1.6474304928208223
1279,0,0,0.42913184593035936,0.42913184593035936,-1.0480662219497698
1280,0,0,0.0,0.40426666666644795,-1.318998113895651
1281,0,0,0.38854901264897695,0.0,1.1842835196730683
1282,0,0,0.44030958485813815,0.0,1.7320571470245807
1283,0,0,0.5706033416898992,0.0,1.9735103681021584
1284,0,0,0.5185286223414177,0.0,2.162076628872112
1285,0,0,0.4070574529575941,0.0,2.3147511366501123
1286,0,0,0.43498179329248354,0.4114666666666546,2.1476870192501303
1287,0,0,0.41718047573292927,0.0,1.9791871054022327
1288,0,0,0.24299061624823698,0.4337441474146327,1.332151891333694
1289,0,0,0.40186666666631976,0.0,1.8125347019121048
1290,0,0,0.4042666666666443,0.0,1.6271026721119104
1291,0,0,0.43149708520916463,0.0,2.134849936855262
1292,0,0,0.39890032821645394,0.5507190367521009,2.4262946474972398
1293,1,0,0.6844799860808084,0.5301220734694442,1.623708939089586
1294,0,0,0.596643286826205,0.5523144133042868,1.1586242118157204
1295,0,0,0.5810408251856631,0.545787538856592,0.9748371659292092
1296,0,0,0.592013754455114,0.5256498466643713,0.8339440261517349
1297,1,0,0.6609366420369738,0.5289766668914578,1.2691332528492323
1298,0,0,0.5372375803285019,0.5497503010413832,2.022756096476173
1299,1,0,0.6341290893449538,0.517685275367941,0.7419833999254276
1300,1,1,0.6325496176430917,0.713600029721297,0.702333754229806
1301,1,1,0.6827690157157411,0.6993165411126314,0.6419955096040896
1302,1,1,0.688475213912054,0.7425354214695994,0.651690163069999
1303,1,1,0.6743148905603666,0.6960731523325578,0.711975324852814
1304,1,1,0.6852194398122246,0.6358625346408332,0.7737799400000842
1305,0,0,0.45880299933312746,0.5694259361940401,0.6659828859932722
1306,0,0,0.4409237291949389,0.5092841436709671,0.656798670445479
1307,0,1,0.43554010987927116,0.6660264931839458,0.6584742340423416
1308,0,1,0.48059330691795277,0.6986461926495503,0.6412885842068102
1309,0,0,0.48502003730457777,0.5910569859825625,0.45535522215880997
1310,0,0,0.4703361697297768,0.5800918809928479,0.39065802121281856
1311,0,0,0.47821289544670154,0.5731367058538243,0.4410482588455244
1312,0,0,0.45330917062257253,0.5756263115158513,0.6410061507427444
1313,0,0,0.44017391308689335,0.5798749161003232,0.7392879781329403
1314,1,0,0.6379734287850795,0.5785479935722013,0.8354643950172713
1315,0,0,0.4380934255443063,0.5781674926833785,0.9255415946331847
1316,0,0,0.4541502087322238,0.5670786442929251,1.0025290069295048
1317,0,0,0.4561582749173858,0.5648728208073502,1.0450725494950743
1318,0,0,0.4157446031938181,0.5677129710140258,1.0780331677845454
1319,0,0,0.4862231284938362,0.5766619665808054,1.0123440554660827
1320,0,1,0.44788994621921063,0.676075085690484,-0.13434436753803
1321,0,1,0.4297604910905437,0.6453310193787779,-0.8955163765673936
1322,1,1,0.6964829006861213,0.6320374064798648,-1.2378122713564585
1323,1,1,0.6806044843911545,0.612499411132505,-1.477444868574234
1324,1,0,0.6671818072978666,0.0,-1.4171136409521738
1325,1,0,0.6679928499461215,0.4121781167965807,-1.5470890262908668
1326,1,0,0.6621707430436852,0.0,-1.5199463373637088
1327,1,0,0.6725522991395898,0.404242529989095,-1.3771596064942164
1328,1,0,0.6678205198183226,0.40186666666656157,-1.2297061432979366
1329,1,0,0.6785840158462355,0.41654543362690305,-1.3761868832090582
1330,0,0,0.5784897504027602,0.0,-1.369439914896421
1331,1,0,0.6363669981953433,0.4018666666666276,-1.0768887334799861
1332,0,0,0.5468488279830768,0.5918864124302284,-1.3843289376540906
1333,0,0,0.4834944356783958,0.5671817960186182,-1.5305656209399736
1334,0,0,0.5007492039823345,0.5901385517451085,-1.4947144185634922
1335,0,0,0.0,0.5901191736381496,-1.3361575394967433
1336,0,0,0.0,0.4257789117353483,-5.2335832710199846
1337,0,0,0.4908174193968116,0.5485160374433296,-3.6224770615486794
1338,0,1,0.5280813629720971,0.7078839870950624,-1.9909993336252294
1339,1,0,0.6148068819740118,0.4115332706665553,-1.7951321153599706
1340,1,0,0.6953342968219318,0.4042666666666303,-0.7229327626612749
1341,0,0,0.4596340007172673,0.0,-0.42330523722645297
1342,0,0,0.0,0.4018666666665437,0.37603350743508823
1343,0,0,0.0,0.0,0.37603350743508823
1344,0,0,0.0,0.0,0.37603350743508823
1345,0,0,0.0,0.0,0.37603350743508823
1346,0,0,0.0,0.0,0.37603350743508823
1347,0,0,0.0,0.0,0.37603350743508823
1348,0,0,0.0,0.0,0.37603350743508823
1349,0,0,0.0,0.0,0.37603350743508823
1350,0,0,0.0,0.0,0.37603350743508823
1351,0,0,0.0,0.0,0.37603350743508823
1352,0,0,0.0,0.0,0.37603350743508823
1353,0,0,0.4286517101734897,0.0,0.7060890180020709
1354,0,1,0.4939516157742392,0.6162603153000442,0.26048934942026386
1355,0,1,0.5047470232171831,0.7261577585229374,0.8867517801425361
1356,0,1,0.4767217179768078,0.7248025323681313,0.780199843311341
1357,0,1,0.4509287620539757,0.631560626446253,0.4864609303229549
1358,0,1,0.5850395965130497,0.6181683649933272,0.2151675757139419
1359,0,1,0.5488224676094462,0.6225779824210534,-0.08685607799183852
1360,0,1,0.4472875534283325,0.6097346382496087,-0.38313154652237447
1361,0,1,0.5825464106345499,0.7645937418189964,-0.6192111577687697
1362,0,0,0.4216345952945349,0.5198027787915854,-0.4280054271728981
1363,0,1,0.5577014895699532,0.6185782002445483,-0.21064963592118877
1364,0,0,0.5535175323866952,0.43185610762444493,-0.08330614040843212
1365,1,1,0.6026910066131145,0.6592920121416441,-0.4774739411601892
1366,0,0,0.560170031239603,0.5162965594595763,-0.20742355236264
1367,0,0,0.5541838255161274,0.44965069464586055,-0.07203313520854204
1368,0,1,0.5835385060445131,0.7502825373375339,-0.4747689583521801
1369,0,0,0.5974760452924909,0.5859213284919198,-0.46578831613565896
1370,0,1,0.5685290784750823,0.6227099274555815,-0.6718424355538795
1371,0,0,0.5691614478627566,0.5962136010387004,-0.8273355333390409
1372,0,1,0.5644029156402334,0.6032985612126905,-0.9184738488718502
1373,0,0,0.5799704130088217,0.5841273819025761,-0.9459501402954523
1374,0,0,0.5821556339587312,0.5631941632112358,-0.7753554650418453
1375,0,1,0.5914901394422232,0.7544502678595113,-0.7693425455473423
1376,0,0,0.5916642693079066,0.530151093110691,-0.6240499390322765
1377,0,0,0.5918617888692093,0.591518430719905,-0.548279501931771
1378,0,0,0.5928924967588205,0.5192722689690646,-0.46145087992167383
1379,0,0,0.5877169281706978,0.5671544565246447,-0.38852146535934146
1380,0,0,0.5670980307937619,0.5625364721624485,-0.35143100096920826
1381,1,1,0.6115308453236525,0.7405965591075595,-0.34425791742963824
1382,0,1,0.573531386423555,0.6464766204206772,-0.36771038280439633
1383,0,1,0.5896125615828156,0.7142167315773036,-0.39894829170703555
1384,0,1,0.5822173878657393,0.6493182624395146,-0.3892447601530041
1385,0,0,0.5755668337672126,0.5437385794284796,-0.34647123924423356
1386,1,0,0.6345885492605725,0.561614155946657,-0.3022483144469065
1387,1,0,0.6537837413192422,0.44914046698378585,-0.2564169596802765
1388,1,0,0.7290450151957718,0.4759071330963675,-0.16720010643136773
1389,1,0,0.6587055223025886,0.5529002180969798,-0.03915312579556602
1390,1,0,0.7804050546122944,0.5928966447682089,0.06632555857663637
1391,1,0,0.7769408156453548,0.0,0.172496765510225
1392,1,0,0.7706543027912415,0.0,0.2825045073296133
1393,1,0,0.6572773983829725,0.4042666666666549,0.05985687992735354
1394,1,0,0.774854268505788,0.0,0.16495424621249719
1395,1,0,0.7159274487419457,0.0,0.20545330168723552
1396,1,0,0.7611644205875431,0.0,0.2598990979697486
1397,1,0,0.7674257633802442,0.0,0.3301960240397052
1398,0,0,0.55313216766407,0.0,0.40621100772463004
1399,0,0,0.5365960130338279,0.0,0.5469835470280444
1400,0,0,0.47970625572905573,0.0,0.6699086424148957
1401,1,0,0.8000913794450131,0.0,0.6975727382622389
1402,1,0,0.7467175329744411,0.0,0.8663775219959527
1403,1,0,0.7739975256437412,0.0,1.0118988100779862
1404,1,0,0.7765848001523777,0.0,1.1069270307578825
1405,1,0,0.8444602199812797,0.0,1.2172076725856245
1406,1,0,0.7311185075233289,0.0,0.7131416584737607
1407,1,0,0.702975393398247,0.0,0.894137854673141
1408,1,0,0.6460981176699492,0.0,1.0681637524193555
1409,1,0,0.6019486889064145,0.0,1.228542840247185
1410,1,0,0.7487567509127582,0.0,1.362864636109033
1411,1,0,0.6709468495587525,0.0,1.5506130684606303
1412,1,0,0.6554680114664694,0.0,1.6127994916276214
1413,0,0,0.5753116655782661,0.0,2.531980339719679
1414,0,0,0.3572770395182435,0.0,2.93615420682898
1415,0,0,0.40426666666659905,0.40426666666659905,2.0727507911539953
1416,0,0,0.4200237993627077,0.4200237993627077,1.2126236040931744
1417,0,0,0.0,0.0,1.2126236040931744
1418,0,0,0.0,0.0,1.2126236040931744
1419,0,0,0.0,0.0,1.2126236040931744
1420,1,0,0.6230093619209353,0.4090666666666538,1.6767662313872538
1421,0,0,0.5894190234547011,0.43306666666665733,2.217997708036022
1422,0,0,0.593232924240933,0.0,2.526766139482603
1423,0,0,0.590629019958712,0.0,2.779972602833774
1424,0,0,0.0,0.0,2.779972602833774
1425,0,0,0.0,0.0,2.779972602833774
1426,0,0,0.0,0.0,2.779972602833774
1427,0,0,0.0,0.0,2.779972602833774
1428,0,0,0.0,0.0,2.779972602833774
1429,0,0,0.0,0.0,2.779972602833774
1430,0,0,0.0,0.0,2.779972602833774
1431,0,0,0.4114666666666344,0.0,2.0861221746410106
1432,0,0,0.0,0.4351191883894838,0.8983926272515707
1433,1,1,0.6548228656278603,0.7607381436096522,0.5794268011040344
1434,1,1,0.6722111402270539,0.6951923089674208,0.36746023909554854
1435,1,1,0.6945794083158188,0.732033762129071,0.23422528498566786
1436,1,1,0.7104207717388938,0.70982688685444,0.15577182763904532
1437,0,1,0.0,0.6992135039620393,-0.02741566485936268
1438,0,1,0.0,0.6964404218679359,-0.15274081515357787
1439,0,1,0.40426666666664957,0.7019947189058444,-0.9886984666127445
1440,0,1,0.40186666666652876,0.7124624382979333,-1.2848886941809232
1441,0,1,0.0,0.6952081793774628,-1.3279746210873806
1442,0,1,0.0,0.7082182779695961,-1.3736210415559302
1443,0,1,0.0,0.694679735310732,-1.3715617750389077
1444,0,1,0.0,0.6888033015978738,-1.354391245016353
1445,0,1,0.0,0.6983186743076363,-1.3479073211238577
1446,0,1,0.0,0.6965529036551831,-1.3430338633633336
1447,0,1,0.0,0.6962298598092866,-1.3398825938768286
1448,0,1,0.0,0.698189840039249,-1.3435810315776664
1449,0,1,0.0,0.7008253164385041,-1.3435969671367856
1450,0,1,0.0,0.6994768735695858,-1.3313412280659835
1451,0,1,0.0,0.710774509497734,-1.3336518473189347
1452,0,1,0.0,0.9032020171548448,-1.3380187020441723
1453,0,1,0.0,0.7223311812820052,-1.333104957802829
1454,0,1,0.0,0.7374734208102829,-1.3162117920444767
1455,0,1,0.0,0.7131108646237897,-1.3102840221108947
1456,0,1,0.40426666666652517,0.7150581997929384,-1.7352894296935517
1457,0,1,0.4309222053998073,0.7104584047687905,-2.073617016534472
1458,0,1,0.0,0.7150153184151433,-2.0922807633507357
1459,0,1,0.0,0.7163375165051468,-2.1185004596623003
1460,0,1,0.0,0.6956411228147421,-2.1153458478357368
1461,0,1,0.0,0.6640073267172807,-2.10660384118617
1462,0,1,0.4162666666666549,0.6332301794915288,-2.479787535055934
1463,0,1,0.0,0.626442078177137,-2.4701601161183104
1464,0,1,0.0,0.6198386372456887,-2.456738894104439
1465,0,1,0.0,0.6162253098773471,-2.4463435655334496
1466,0,1,0.4043290962837469,0.6190614197622945,-1.6672065830115725
1467,0,1,0.0,0.6166262634666189,-1.6595009899820323
1468,0,1,0.41083511085246366,0.6730976015796059,-3.893571603317336
1469,1,1,0.6516201458144935,0.6261522802563833,-3.6189813741650467
1470,1,1,0.7112645789476026,0.6219322296447345,-3.52945831779222
1471,0,1,0.0,0.7415880541021342,-3.525181409205481
1472,0,1,0.0,0.6130888201040345,-3.5189827364972577
1473,0,1,0.0,0.614306879655559,-3.509723971950217
1474,0,1,0.0,0.6152513368247231,-3.4948116975732932
1475,0,1,0.0,0.6136072028065461,-3.482185943475272
1476,0,1,0.0,0.619286394489858,-3.465649017378763
1477,0,1,0.0,0.6239064612366181,-3.4459173771035116
1478,0,1,0.0,0.6213646226283815,-3.433708959648675
1479,0,1,0.0,0.6261451612877031,-3.411797847429988
1480,0,1,0.0,0.667310008716667,-3.3648516312820917
1481,0,1,0.0,0.6781493748221905,-3.3208603608393275
1482,0,1,0.0,0.6490036558474049,-3.303623387714852
1483,0,1,0.0,0.7311204377570547,-3.1844816125160658
1484,0,0,0.0,0.0,-3.1844816125160658
1485,0,0,0.41146666666663545,0.4404443152611409,-2.7417000898652297
1486,0,0,0.0,0.39946666666486924,-2.8403650282155475
1487,0,1,0.0,0.6221534826849777,-2.9558330322842523
1488,0,1,0.0,0.615356063798801,-3.0229562050258734
1489,0,1,0.0,0.6412650149771567,-3.0464096388738096
1490,0,1,0.0,0.8189681980263039,-3.067553290004418
1491,0,1,0.4090666666666373,0.7469520495714771,-2.9739097771208436
1492,0,1,0.40426666666659183,0.7065422774199233,-2.5906950506908375
1493,0,1,0.0,0.8181218445777041,-2.5844145431456886
1494,0,1,0.40666666666662976,0.685394416679353,-2.4748160505899905
1495,0,1,0.0,0.6298847325099939,-2.467236899888663
1496,0,1,0.0,0.6242792829065607,-2.456806997692103
1497,0,1,0.0,0.6506225247281128,-2.4193233835115104
1498,0,1,0.0,0.74684110025664,-2.3985905927929267
1499,0,1,0.4042666666664243,0.6418012188157959,-2.330029725011188
1500,0,1,0.4138666666666627,0.686288223694473,-2.382148669459735
1501,0,1,0.40186666666663645,0.6400081992562955,-2.2978131025142208
1502,0,1,0.0,0.7543486993599017,-2.280469298148179
1503,0,1,0.0,0.7095031163782963,-2.2643082319759924
1504,0,1,0.0,0.6713169989754926,-2.2520151249293274
1505,0,1,0.0,0.6279171727385388,-2.2351214332138123
1506,0,1,0.4042666666666236,0.7319820574044142,-2.1588260969364335
1507,0,1,0.0,0.7167152964863179,-2.1478296331032998
1508,0,1,0.0,0.6168374107180785,-2.1364968496035175
1509,0,1,0.39946666666486863,0.7041822104560832,-2.2211630258890795
1510,0,1,0.40186666666635634,0.6613825358274474,-2.3794119176979347
1511,0,1,0.0,0.788842811622199,-2.414782280869488
1512,0,1,0.43115655070584774,0.6866750560103181,-2.5507165563378087
1513,0,1,0.4018666666664305,0.6387103903318243,-1.9974866544251701
1514,0,1,0.0,0.6372882699441751,-2.0334023901826157
1515,0,1,0.0,0.6457311936715472,-2.068097462960285
1516,0,1,0.40906666666660985,0.8182426428107328,-2.306106282340561
1517,0,1,0.411227244640273,0.6658140437828703,-2.142958961192494
1518,0,1,0.4042666666666517,0.6474121126039128,-1.9222852630671199
1519,0,1,0.46641675124978993,0.6331303680995551,-2.2741241593140873
1520,1,1,0.6494009248340509,0.6254351937455023,-2.505442870018764
1521,0,1,0.4812910325040163,0.6204344318201025,-2.7117122033352006
1522,0,1,0.4774102031778051,0.6161448886996866,-2.840027285335836
1523,0,1,0.5755793578810735,0.6175090536296953,-2.8926406077180205
1524,0,1,0.5728125063578159,0.7454894986880388,-2.8955099340266
1525,0,1,0.5182639080566573,0.6229640619967097,-2.9150652957551144
1526,0,0,0.5429671288196289,0.5957633747178124,-2.8678593139317585
1527,0,0,0.5033354150001285,0.5965075588006093,-2.9310873640330484
1528,0,0,0.4971012102290948,0.599044995211923,-2.936266251540998
1529,0,1,0.5060197491228003,0.6021595261295793,-2.928414845700076
1530,0,1,0.4716808513020634,0.6234903297749356,-2.8945449936759897
1531,0,0,0.5208802783433467,0.5979992942342469,-2.93027834355769
1532,0,0,0.5653496962351084,0.5961684910978521,-2.977070472837583
1533,0,1,0.4478684395712079,0.622860865356076,-3.0538384575258486
1534,0,0,0.4562106532677141,0.5971031756922626,-3.167082602424743
1535,0,0,0.46306314911456137,0.5986179333161883,-3.241702006902289
1536,0,1,0.49767885169212334,0.6642339198654309,-3.280048162452934
1537,0,1,0.5575551236224143,0.6110600610271689,-3.2971326211522407
1538,0,1,0.0,0.6063197023767724,-3.2917874973895973
1539,0,1,0.4042666666666079,0.6077151682087325,-2.815659983813556
1540,0,1,0.0,0.6082087232388481,-2.797919345932822
1541,0,1,0.0,0.682331354995054,-2.7782762171145006
1542,0,1,0.0,0.8069128896843426,-2.7582563599767456
1543,0,1,0.0,0.6785912047169365,-2.741225002296496
1544,0,1,0.0,0.6700439197175924,-2.7223866550927864
1545,0,1,0.0,0.6194551947587594,-2.706018258120233
1546,0,1,0.0,0.6180423015764125,-2.6954322998379756
1547,0,1,0.40186666666640614,0.6291710439184023,-2.2379340123946476
1548,0,1,0.0,0.625164269440871,-2.2182077265177784
1549,0,1,0.0,0.6270331060418187,-2.196599619925981
1550,0,1,0.0,0.713178397998288,-2.1785169159193902
1551,0,1,0.0,0.6311640132245455,-2.1502767330350854
